axis,level,window,frames,est_yaw_deg,yaw_peak_prom,est_pitch_deg,pitch_peak_prom
none,0.0,0,000001 000004 000007 000008 000009,0.0,1.162010400395868,0.0,1.0675414850569418
none,0.0,1,000010 000011 000012 000015 000016,0.0,1.2488817484881147,-0.25,1.302459811652082
none,0.0,2,000019 000021 000023 000025 000031,0.0,1.273747569908231,0.0,1.1940212488149136
none,0.0,3,000032 000043 000048 000049 000061,0.25,1.2067731859235005,0.0,1.064025765901775
yaw,0.25,0,000001 000004 000007 000008 000009,-0.25,1.1633673351702138,0.0,1.0559316258640221
yaw,0.25,1,000010 000011 000012 000015 000016,-0.25,1.2497294053355252,-0.25,1.293895831623483
yaw,0.25,2,000019 000021 000023 000025 000031,-0.25,1.2723723848305066,0.0,1.146024057022261
yaw,0.25,3,000032 000043 000048 000049 000061,0.0,1.2012531642833848,0.0,1.0724639880080482
yaw,0.5,0,000001 000004 000007 000008 000009,-0.5,1.1633639491656405,1.5,1.046922219769164
yaw,0.5,1,000010 000011 000012 000015 000016,-0.5,1.251064364941801,0.0,1.2301883453892193
yaw,0.5,2,000019 000021 000023 000025 000031,-0.5,1.2743575568436725,0.0,1.1041075526008395
yaw,0.5,3,000032 000043 000048 000049 000061,-0.25,1.200900187832552,-2.0,1.044370617689217
yaw,1.0,0,000001 000004 000007 000008 000009,-1.0,1.1724538969452496,1.75,1.038406914865634
yaw,1.0,1,000010 000011 000012 000015 000016,-1.0,1.2524514184291013,-0.75,1.1984379436668198
yaw,1.0,2,000019 000021 000023 000025 000031,-1.0,1.2726620898919516,-1.0,1.0343897268569588
yaw,1.0,3,000032 000043 000048 000049 000061,-0.75,1.1915612293112108,-2.0,1.0970761361404437
yaw,2.0,0,000001 000004 000007 000008 000009,-2.0,1.2248378585364197,1.5,1.0822956474966576
yaw,2.0,1,000010 000011 000012 000015 000016,-2.0,1.2543082653036677,-0.5,1.169088554959294
yaw,2.0,2,000019 000021 000023 000025 000031,-2.0,1.2807037264303438,-4.0,1.0458919816187424
yaw,2.0,3,000032 000043 000048 000049 000061,-1.75,1.1849261422101633,-4.0,1.1731189891550702
yaw,3.0,0,000001 000004 000007 000008 000009,-3.0,1.2446252626021277,2.75,1.0400478652220535
yaw,3.0,1,000010 000011 000012 000015 000016,-3.0,1.2525665123636511,-0.5,1.20422981433433
yaw,3.0,2,000019 000021 000023 000025 000031,-3.0,1.3035351947944713,2.0,1.0316352193751899
yaw,3.0,3,000032 000043 000048 000049 000061,-2.75,1.1831000495179902,-3.5,1.1447766831398996
pitch,0.25,0,000001 000004 000007 000008 000009,0.25,1.1201100663265302,-0.25,1.0671719826244936
pitch,0.25,1,000010 000011 000012 000015 000016,0.0,1.2350462441476455,-0.5,1.302459811652082
pitch,0.25,2,000019 000021 000023 000025 000031,0.0,1.2270445647258392,-0.25,1.1937965483295598
pitch,0.25,3,000032 000043 000048 000049 000061,0.25,1.2195412063762432,-0.25,1.0636349900577442
pitch,0.5,0,000001 000004 000007 000008 000009,0.0,1.0681083980132635,-0.5,1.0674478977101378
pitch,0.5,1,000010 000011 000012 000015 000016,0.0,1.2149783070558495,-0.75,1.2993879655735827
pitch,0.5,2,000019 000021 000023 000025 000031,0.0,1.1693651912404164,-0.5,1.1936711755499296
pitch,0.5,3,000032 000043 000048 000049 000061,0.25,1.1796050834562224,-0.5,1.0636568037026
pitch,1.0,0,000001 000004 000007 000008 000009,0.0,1.0814774567739738,-1.0,1.0706087593954292
pitch,1.0,1,000010 000011 000012 000015 000016,0.0,1.1830858524605763,-1.25,1.2959824031880993
pitch,1.0,2,000019 000021 000023 000025 000031,0.0,1.1234338360995115,-1.0,1.199589563548482
pitch,1.0,3,000032 000043 000048 000049 000061,0.0,1.1522336617442581,-1.0,1.075056412326945
pitch,2.0,0,000001 000004 000007 000008 000009,0.0,1.0855026808132329,-2.0,1.0766872175360538
pitch,2.0,1,000010 000011 000012 000015 000016,0.0,1.1418078788599542,-2.25,1.280758257792516
pitch,2.0,2,000019 000021 000023 000025 000031,0.0,1.056793503650187,-2.0,1.218984540758229
pitch,2.0,3,000032 000043 000048 000049 000061,0.25,1.0799434058788595,-2.0,1.195628095294052
pitch,3.0,0,000001 000004 000007 000008 000009,-1.5,1.0894983220360894,-3.0,1.1254963785491645
pitch,3.0,1,000010 000011 000012 000015 000016,0.0,1.1085579892071968,-3.25,1.4587275437274916
pitch,3.0,2,000019 000021 000023 000025 000031,-2.5,1.0492207812856533,-3.0,1.3063066550316917
pitch,3.0,3,000032 000043 000048 000049 000061,0.25,1.0472300556263234,-3.0,1.3171469922445975
roll,0.25,0,000001 000004 000007 000008 000009,0.0,1.1224600003997551,1.5,1.057008352158135
roll,0.25,1,000010 000011 000012 000015 000016,0.0,1.2594184172417975,0.0,1.3213614075885842
roll,0.25,2,000019 000021 000023 000025 000031,0.0,1.2707782685208617,0.0,1.1873156756516587
roll,0.25,3,000032 000043 000048 000049 000061,0.25,1.2069330743310789,0.0,1.0627032251030266
roll,0.5,0,000001 000004 000007 000008 000009,0.0,1.086973454107897,1.5,1.0493733460462773
roll,0.5,1,000010 000011 000012 000015 000016,0.0,1.2523748091458742,0.0,1.2992238365987125
roll,0.5,2,000019 000021 000023 000025 000031,0.0,1.2618207384597913,0.0,1.1756438401225544
roll,0.5,3,000032 000043 000048 000049 000061,0.25,1.1938657847239817,-0.25,1.0602017475732304
roll,1.0,0,000001 000004 000007 000008 000009,0.0,1.0814087770468985,1.75,1.0376599950980048
roll,1.0,1,000010 000011 000012 000015 000016,0.0,1.2316914560982082,0.25,1.2552487350815646
roll,1.0,2,000019 000021 000023 000025 000031,0.0,1.2176225037087332,-0.75,1.1610219286111076
roll,1.0,3,000032 000043 000048 000049 000061,0.0,1.1692128723255442,-0.25,1.0739351892230968
roll,2.0,0,000001 000004 000007 000008 000009,0.0,1.0732998050146203,1.5,1.0656533484748172
roll,2.0,1,000010 000011 000012 000015 000016,0.0,1.1897032529174296,0.5,1.1937429803826232
roll,2.0,2,000019 000021 000023 000025 000031,0.0,1.1591417395847188,-0.5,1.1156157822242505
roll,2.0,3,000032 000043 000048 000049 000061,0.0,1.1388699225536123,-0.75,1.0743527714051904
roll,3.0,0,000001 000004 000007 000008 000009,0.0,1.0958588539791694,1.0,1.0619392949435853
roll,3.0,1,000010 000011 000012 000015 000016,0.0,1.1548851984737045,-1.0,1.0990103725921558
roll,3.0,2,000019 000021 000023 000025 000031,-0.25,1.1308232447582551,-1.75,1.052051744430642
roll,3.0,3,000032 000043 000048 000049 000061,0.0,1.0994559185225001,-1.25,1.0726883405048317
t_fwd,0.02,0,000001 000004 000007 000008 000009,0.0,1.153658896748501,0.0,1.0622310786299247
t_fwd,0.02,1,000010 000011 000012 000015 000016,0.0,1.234697254137626,-0.25,1.3066007764888476
t_fwd,0.02,2,000019 000021 000023 000025 000031,0.0,1.2972262612905308,0.0,1.202550287147845
t_fwd,0.02,3,000032 000043 000048 000049 000061,0.0,1.2302171459769864,0.0,1.086992804203682
t_fwd,0.05,0,000001 000004 000007 000008 000009,0.0,1.157536598404873,0.0,1.063934111028649
t_fwd,0.05,1,000010 000011 000012 000015 000016,0.0,1.2166052277402477,-0.25,1.2992232674248334
t_fwd,0.05,2,000019 000021 000023 000025 000031,0.0,1.3108564967066092,0.0,1.2068348255327386
t_fwd,0.05,3,000032 000043 000048 000049 000061,0.0,1.2504469192311787,0.0,1.1021862386109076
t_fwd,0.1,0,000001 000004 000007 000008 000009,0.0,1.1574376177307706,0.0,1.0719672590927936
t_fwd,0.1,1,000010 000011 000012 000015 000016,0.0,1.1938372473854817,-0.25,1.2996505317495899
t_fwd,0.1,2,000019 000021 000023 000025 000031,0.0,1.2810174818630642,0.0,1.1923656256175252
t_fwd,0.1,3,000032 000043 000048 000049 000061,0.0,1.24507673299363,0.0,1.1010423044493958
t_fwd,0.2,0,000001 000004 000007 000008 000009,0.0,1.1587865826716335,0.0,1.0596128627748376
t_fwd,0.2,1,000010 000011 000012 000015 000016,-0.25,1.1655836075487647,0.0,1.2746786927937575
t_fwd,0.2,2,000019 000021 000023 000025 000031,0.0,1.2138890332284131,0.0,1.1429979445382643
t_fwd,0.2,3,000032 000043 000048 000049 000061,0.0,1.1982748258734908,0.0,1.083431443308183
t_left,0.02,0,000001 000004 000007 000008 000009,0.0,1.1705208581923805,0.0,1.0738840649077095
t_left,0.02,1,000010 000011 000012 000015 000016,0.0,1.2530511781068823,-0.25,1.3209628973945031
t_left,0.02,2,000019 000021 000023 000025 000031,0.0,1.288960674987059,0.0,1.1987368767849518
t_left,0.02,3,000032 000043 000048 000049 000061,0.0,1.2371143839212164,0.0,1.0836565894095782
t_left,0.05,0,000001 000004 000007 000008 000009,0.0,1.1625520830181284,0.0,1.0733310668800597
t_left,0.05,1,000010 000011 000012 000015 000016,0.0,1.2460564832814651,0.0,1.3312211723187097
t_left,0.05,2,000019 000021 000023 000025 000031,0.0,1.2650181775363918,0.0,1.1619304811339843
t_left,0.05,3,000032 000043 000048 000049 000061,0.0,1.220668060798316,0.25,1.0805464943835206
t_left,0.1,0,000001 000004 000007 000008 000009,-0.25,1.1260174141658004,0.0,1.0415019612864678
t_left,0.1,1,000010 000011 000012 000015 000016,-0.25,1.217250793519602,0.0,1.2720218809370194
t_left,0.1,2,000019 000021 000023 000025 000031,-0.25,1.2589675795774742,0.0,1.1138951336646497
t_left,0.1,3,000032 000043 000048 000049 000061,-0.25,1.2077552538377283,-0.25,1.0592931493938431
t_left,0.2,0,000001 000004 000007 000008 000009,-0.5,1.0957157025664261,1.5,1.0539824930060635
t_left,0.2,1,000010 000011 000012 000015 000016,-0.25,1.1462256674833824,0.0,1.205722090413704
t_left,0.2,2,000019 000021 000023 000025 000031,-0.75,1.1758672279696316,-1.0,1.0473629331530168
t_left,0.2,3,000032 000043 000048 000049 000061,-0.5,1.159164326266458,-2.0,1.0732777031900311
t_up,0.02,0,000001 000004 000007 000008 000009,0.0,1.1422367711769155,0.0,1.0561269495893943
t_up,0.02,1,000010 000011 000012 000015 000016,0.0,1.2543454227660513,0.0,1.3174600691355571
t_up,0.02,2,000019 000021 000023 000025 000031,0.0,1.2662248255128843,0.0,1.180883308079927
t_up,0.02,3,000032 000043 000048 000049 000061,0.25,1.1931519804150117,0.0,1.0563767474625587
t_up,0.05,0,000001 000004 000007 000008 000009,0.0,1.1116414248938322,0.25,1.0571943138862652
t_up,0.05,1,000010 000011 000012 000015 000016,0.0,1.2335557212106423,0.0,1.28735472395082
t_up,0.05,2,000019 000021 000023 000025 000031,0.0,1.2364996344619292,0.25,1.1794136677128166
t_up,0.05,3,000032 000043 000048 000049 000061,0.25,1.1671247348438736,0.25,1.0587050524081527
t_up,0.1,0,000001 000004 000007 000008 000009,0.0,1.0958878384589559,2.25,1.0445679217495525
t_up,0.1,1,000010 000011 000012 000015 000016,0.0,1.2222870290486811,0.25,1.30666479213326
t_up,0.1,2,000019 000021 000023 000025 000031,0.0,1.1644534991467925,0.25,1.146358641578147
t_up,0.1,3,000032 000043 000048 000049 000061,0.25,1.1488149583430942,0.25,1.0588575500574255
t_up,0.2,0,000001 000004 000007 000008 000009,0.0,1.1060204637860591,0.75,1.0356059704759686
t_up,0.2,1,000010 000011 000012 000015 000016,0.0,1.1862648740536872,0.25,1.2941364273781828
t_up,0.2,2,000019 000021 000023 000025 000031,0.0,1.1560054663891197,0.5,1.1090123641271854
t_up,0.2,3,000032 000043 000048 000049 000061,0.0,1.1312939352690947,0.0,1.0553701916665108
