axis,level,unit,n_frames,n_objects,fov_ratio,fov_change_pp,hit_all,hit_<15m,hit_15-30m,hit_>30m,hit_vehicle,hit_vru,objects_below_50pct,box_w_deg_median,shift_px_median,edge_norm_mean,edge_norm_std,confident_yaw_test,detect_yaw_test,confident_yaw_window,detect_yaw_window,confident_pitch_test,detect_pitch_test,confident_pitch_window,detect_pitch_window
none,0.0,,20,107,0.1575,0.0,0.977,0.984,0.9577,0.9936,0.987,0.9425,0.0093,5.24,0.0,1.0,0.0,0.65,0.0,1.0,0.0,0.45,0.2,0.5,0.0
yaw,0.25,deg,20,107,0.1576,0.0039,0.9464,0.9747,0.9287,0.9411,0.9676,0.8728,0.0093,5.24,3.34,0.981,0.0356,0.65,0.0,1.0,0.0,0.55,0.25,0.25,0.0
yaw,0.5,deg,20,107,0.1576,0.0069,0.8816,0.9549,0.8633,0.8345,0.9289,0.7179,0.0467,5.24,6.68,0.9042,0.0625,0.7,0.45,1.0,0.75,0.45,0.3,0.25,0.0
yaw,1.0,deg,20,107,0.1576,0.0101,0.7328,0.9013,0.7101,0.6015,0.8322,0.3891,0.2243,5.24,13.33,0.8443,0.0809,0.7,0.7,1.0,1.0,0.45,0.45,0.25,0.25
yaw,2.0,deg,20,107,0.1577,0.0118,0.5225,0.7717,0.5184,0.2929,0.632,0.1438,0.4673,5.24,26.68,0.8104,0.0695,0.8,0.8,1.0,1.0,0.5,0.5,0.5,0.5
yaw,3.0,deg,20,107,0.1577,0.0196,0.3951,0.6771,0.3867,0.1398,0.4854,0.0829,0.5794,5.24,40.0,0.8045,0.0964,0.7,0.7,1.0,1.0,0.6,0.6,0.25,0.25
pitch,0.25,deg,20,107,0.156,-0.1572,0.9804,0.9739,0.9768,0.991,0.9924,0.9391,0.0,5.24,3.19,0.9721,0.0263,0.65,0.05,0.75,0.0,0.5,0.25,0.5,0.25
pitch,0.5,deg,20,107,0.1538,-0.3742,0.9385,0.9644,0.9688,0.8778,0.9457,0.9137,0.0093,5.24,6.38,0.9311,0.0512,0.75,0.25,0.75,0.0,0.5,0.45,0.5,0.5
pitch,1.0,deg,20,107,0.1502,-0.7346,0.791,0.9423,0.8787,0.5429,0.7794,0.8314,0.1121,5.24,12.77,0.9049,0.0723,0.55,0.15,0.5,0.0,0.65,0.65,0.5,0.5
pitch,2.0,deg,20,107,0.1427,-1.4823,0.5614,0.8408,0.6519,0.1893,0.5563,0.579,0.3925,5.24,25.56,0.8617,0.1371,0.25,0.1,0.0,0.0,0.75,0.7,0.75,0.75
pitch,3.0,deg,20,107,0.135,-2.2507,0.3915,0.7153,0.424,0.0477,0.397,0.3728,0.5607,5.24,38.39,0.7977,0.154,0.25,0.15,0.0,0.0,0.75,0.75,0.75,0.75
roll,0.25,deg,20,107,0.1576,0.0016,0.9772,0.9807,0.9605,0.994,0.9875,0.9414,0.0093,5.24,0.68,0.9952,0.036,0.65,0.05,0.75,0.0,0.55,0.2,0.5,0.0
roll,0.5,deg,20,107,0.1576,0.0036,0.9745,0.9772,0.9547,0.9958,0.9845,0.9397,0.0093,5.24,1.36,0.9853,0.0499,0.7,0.1,0.75,0.0,0.55,0.25,0.5,0.0
roll,1.0,deg,20,107,0.1576,0.003,0.9622,0.9629,0.9369,0.9921,0.9711,0.9315,0.0093,5.24,2.72,0.9603,0.0505,0.6,0.1,0.75,0.0,0.4,0.25,0.5,0.25
roll,2.0,deg,20,107,0.1575,-0.0046,0.9364,0.9379,0.9031,0.9753,0.9421,0.9168,0.0187,5.24,5.44,0.9197,0.054,0.55,0.15,0.5,0.0,0.45,0.45,0.25,0.25
roll,3.0,deg,20,107,0.1579,0.0319,0.8969,0.9066,0.8621,0.9298,0.8993,0.8888,0.0187,5.24,8.16,0.8965,0.0731,0.3,0.15,0.25,0.0,0.3,0.3,0.0,0.0
t_fwd,0.02,m,20,107,0.1581,0.0538,0.9783,0.988,0.9588,0.9929,0.9875,0.9466,0.0093,5.24,0.14,1.0056,0.0186,0.6,0.0,1.0,0.0,0.55,0.25,0.5,0.0
t_fwd,0.05,m,20,107,0.1592,0.1673,0.978,0.9874,0.9589,0.9921,0.9872,0.9459,0.0093,5.24,0.36,1.0093,0.0357,0.6,0.0,1.0,0.0,0.6,0.25,0.5,0.0
t_fwd,0.1,m,20,107,0.1608,0.3277,0.9767,0.9844,0.958,0.9921,0.9863,0.9439,0.0093,5.24,0.72,1.0,0.044,0.55,0.05,1.0,0.0,0.55,0.15,0.5,0.0
t_fwd,0.2,m,20,107,0.1641,0.6512,0.9715,0.9751,0.9542,0.989,0.9836,0.9299,0.0093,5.24,1.42,0.9726,0.0532,0.55,0.0,1.0,0.0,0.35,0.1,0.25,0.0
t_left,0.02,m,20,107,0.1576,0.0016,0.9742,0.9823,0.9551,0.9895,0.9848,0.9373,0.0093,5.24,0.69,1.0124,0.022,0.65,0.05,1.0,0.0,0.55,0.2,0.5,0.0
t_left,0.05,m,20,107,0.1576,0.0037,0.9668,0.9743,0.9453,0.9857,0.9801,0.9209,0.0093,5.24,1.71,1.0027,0.036,0.65,0.0,1.0,0.0,0.55,0.2,0.5,0.0
t_left,0.1,m,20,107,0.1576,0.0056,0.9524,0.9574,0.9268,0.9785,0.9727,0.882,0.0093,5.24,3.43,0.9549,0.0465,0.65,0.25,0.75,0.0,0.45,0.2,0.25,0.0
t_left,0.2,m,20,107,0.1576,0.0075,0.8968,0.9054,0.8577,0.9358,0.9412,0.743,0.0467,5.24,6.86,0.8718,0.0697,0.55,0.4,0.5,0.5,0.45,0.35,0.25,0.0
t_up,0.02,m,20,107,0.1591,0.1596,0.9768,0.9866,0.9554,0.9936,0.9866,0.9433,0.0093,5.24,0.69,0.9954,0.0243,0.65,0.0,0.75,0.0,0.5,0.25,0.5,0.0
t_up,0.05,m,20,107,0.1612,0.3692,0.9712,0.9789,0.9477,0.9921,0.9804,0.9393,0.0093,5.24,1.72,0.984,0.0376,0.65,0.05,0.75,0.0,0.4,0.2,0.5,0.0
t_up,0.1,m,20,107,0.1648,0.7234,0.9535,0.9582,0.9331,0.9738,0.9602,0.9304,0.0093,5.24,3.43,0.9647,0.046,0.45,0.0,0.5,0.0,0.4,0.2,0.25,0.0
t_up,0.2,m,20,107,0.1721,1.459,0.9038,0.8997,0.8654,0.954,0.906,0.8961,0.0093,5.24,6.86,0.9621,0.0649,0.3,0.0,0.5,0.0,0.4,0.3,0.25,0.0
