axis,level,frame,fov_ratio,n_edge_points,edge_score,edge_score_norm,est_yaw_deg,yaw_peak_prom,est_pitch_deg,pitch_peak_prom
none,0.0,000001,0.15490404762696644,3888,0.3062427043914795,1.0,-3.75,1.0764291442589853,-1.5,1.2644311404653135
yaw,0.25,000001,0.15491236239066086,3888,0.2940661609172821,0.9602389108390588,-4.0,1.1062002956657613,-1.5,1.1807444183443725
yaw,0.5,000001,0.15489573286327202,3888,0.2765149474143982,0.9029274606356683,-0.75,1.159299082957205,-0.75,1.2185286826425434
yaw,1.0,000001,0.15490404762696644,3888,0.2717321217060089,0.8873096985149574,-1.25,1.1820789054343646,-1.0,1.223250811437186
yaw,2.0,000001,0.15492899191804968,3888,0.25412389636039734,0.8298120827575468,-2.25,1.2490107557272359,-0.5,1.1670773431761714
yaw,3.0,000001,0.15494562144543852,3888,0.25015565752983093,0.816854259522373,-3.25,1.2908014233905165,-1.25,1.115157705055756
pitch,0.25,000001,0.15332424252502744,3888,0.28414368629455566,0.9278382218416085,-3.75,1.1477326027765076,-1.75,1.2644311404653135
pitch,0.5,000001,0.15111251538231282,3888,0.2487073689699173,0.8121250413593102,-3.25,1.300795214478771,-2.0,1.2644311404653135
pitch,1.0,000001,0.14742076030199222,3888,0.2704315483570099,0.8830628272251309,-4.0,1.1595513290075783,-2.5,1.2634115255930918
pitch,2.0,000001,0.13981275152160175,3888,0.2700516879558563,0.8818224371825065,-2.0,1.0777589391777769,-3.5,1.2634115255930918
pitch,3.0,000001,0.13195529983037882,3888,0.24431954324245453,0.7977971058214446,-1.5,1.2030522624210023,-4.0,1.1679511148537105
roll,0.25,000001,0.1549373066817441,3888,0.27748826146125793,0.9061057046653302,-1.0,1.1689263868681223,-1.5,1.2192913335303905
roll,0.5,000001,0.15495393620913295,3888,0.26729899644851685,0.8728338426205259,-1.5,1.1839496102520302,-1.25,1.2180396046851805
roll,1.0,000001,0.15502045431868827,3888,0.2594577968120575,0.8472293154790868,-3.25,1.184324081880165,-1.25,1.1831451827056851
roll,2.0,000001,0.15482089999002227,3888,0.26872336864471436,0.8774849646742833,-3.0,1.1785915605919133,-0.75,1.121897590264282
roll,3.0,000001,0.15517843482888216,3888,0.2797852158546448,0.9136061425874384,-0.25,1.0532035214247886,-2.75,1.0893689505662734
t_fwd,0.02,000001,0.1553696743938537,3888,0.30418309569358826,0.9932745868934779,-3.75,1.0847291344620702,-1.5,1.2557285438700727
t_fwd,0.05,000001,0.15654205607476634,3888,0.30417123436927795,0.9932358551159034,-4.0,1.0734448403444707,-1.5,1.2430152442160785
t_fwd,0.1,000001,0.15799713972128912,3888,0.3098490238189697,1.0117760174390316,-4.0,1.091210460307681,-1.5,1.2039671019567297
t_fwd,0.2,000001,0.16111517610669504,3888,0.3045864701271057,0.9945917592790829,-4.0,1.0993075615943402,-1.5,1.1985060627755073
t_left,0.02,000001,0.15496225097282734,3888,0.30337655544281006,0.9906409233344362,-4.0,1.08754376420264,-1.5,1.2235469691846705
t_left,0.05,000001,0.15507034290085475,3888,0.2958150804042816,0.9659498043947916,-4.0,1.0913057114075317,-1.5,1.192543237166075
t_left,0.1,000001,0.1551451757741045,3888,0.2785649299621582,0.9096214406664201,-1.25,1.1906526396242338,-1.25,1.2030703038208264
t_left,0.2,000001,0.1554112482123258,3888,0.25959914922714233,0.8476908853811869,-1.75,1.282876779933696,-1.0,1.2478940719901594
t_up,0.02,000001,0.15647553796521102,3888,0.28989964723587036,0.9466336440958368,-3.75,1.1250882520890986,-1.5,1.2342347565528329
t_up,0.05,000001,0.15868726510792563,3888,0.2828368544578552,0.92357091418673,-3.75,1.1516545456868008,-1.25,1.2211533908446763
t_up,0.1,000001,0.1620464296404696,3888,0.28621235489845276,0.9345932190194437,-2.25,1.139371270708505,-1.25,1.2254561669907538
t_up,0.2,000001,0.16936342169155552,3888,0.3233875632286072,1.0559845462153798,0.5,1.1259442580196128,-0.75,1.202059144427286
none,0.0,000004,0.16437021452714354,3488,0.3640879690647125,1.0,0.0,1.3850511816696736,0.0,1.144584177320739
yaw,0.25,000004,0.16434434710629786,3488,0.36342623829841614,0.9981824975760768,-0.25,1.3850511816696736,0.25,1.1743368452346097
yaw,0.5,000004,0.16428398979099124,3488,0.3230060636997223,0.8871648918514844,-0.5,1.3850511816696736,0.25,1.119219212562246
yaw,1.0,000004,0.1641029178450714,3488,0.291462779045105,0.8005284541365901,-1.0,1.3829210884410725,0.5,1.0940090404260425
yaw,2.0,000004,0.16361143684900326,3488,0.28019246459007263,0.7695735327641974,-2.0,1.3367359097589069,2.75,1.1781574377638147
yaw,3.0,000004,0.16352521211285093,3488,0.2621082365512848,0.7199035914990589,-3.0,1.3367359097589069,2.25,1.2142596845692153
pitch,0.25,000004,0.16270607711940402,3488,0.3478277921676636,0.9553399774817638,0.25,1.338940656178771,-0.25,1.144584177320739
pitch,0.5,000004,0.1604297440849831,3488,0.3334953784942627,0.9159747281706737,0.25,1.2605820736675866,-0.5,1.144584177320739
pitch,1.0,000004,0.15656687590535973,3488,0.3442959487438202,0.945639455289514,0.25,1.184487528784767,-1.0,1.1309984713590906
pitch,2.0,000004,0.1486514451265779,3488,0.33018919825553894,0.906894009993644,0.0,1.119244874893372,-2.0,1.1213233320051954
pitch,3.0,000004,0.14046009519210872,3488,0.32700175046920776,0.8981394010607554,0.0,1.1040383321837501,-3.0,1.1213233320051954
roll,0.25,000004,0.16437883700075878,3488,0.34883424639701843,0.9581042935670777,0.0,1.2734007037305028,0.25,1.1654999196202533
roll,0.5,000004,0.16443057184245016,3488,0.34979677200317383,0.9607479557804378,0.25,1.278243267575475,0.25,1.1083783955568673
roll,1.0,000004,0.16430985721183694,3488,0.3583256006240845,0.9841731423989902,0.25,1.272952004888236,-0.25,1.1257927356451989
roll,2.0,000004,0.16418052010760847,3488,0.3363337218761444,0.9237704907968681,0.25,1.1713930813622153,-1.25,1.118465455283607
roll,3.0,000004,0.16448230668414154,3488,0.32734692096710205,0.8990874425430955,2.5,1.0864061878171904,-1.25,1.1390588440941958
t_fwd,0.02,000004,0.164835828102366,3488,0.366648405790329,1.0070324672693631,0.0,1.3973652565929635,0.0,1.1345290756136373
t_fwd,0.05,000004,0.16591363730426986,3488,0.37123385071754456,1.0196267997297157,0.0,1.4107611165095826,0.0,1.1495251724097517
t_fwd,0.1,000004,0.16739670276608953,3488,0.36989644169807434,1.0159534868682503,0.0,1.377688852362647,0.0,1.192907773880016
t_fwd,0.2,000004,0.17019900669103952,3488,0.36648786067962646,1.0065915158390948,0.0,1.3895483854637956,0.0,1.1738328076808862
t_left,0.02,000004,0.16445643926329587,3488,0.37196576595306396,1.0216370700426831,0.0,1.4108082122147816,0.0,1.143616187853191
t_left,0.05,000004,0.16447368421052633,3488,0.3724979758262634,1.0230988318102214,0.0,1.4042726929443345,0.0,1.1587079199838992
t_left,0.1,000004,0.16442194936883492,3488,0.3709271550178528,1.0187844327037476,0.0,1.394176188473242,0.0,1.1896288166929307
t_left,0.2,000004,0.16446506173691108,3488,0.3342219293117523,0.9179702646322492,-0.25,1.3399574714779259,0.5,1.1414240872897568
t_up,0.02,000004,0.165956749672346,3488,0.3627111315727234,0.996218393330804,0.0,1.3724345857278402,0.0,1.1410631626437233
t_up,0.05,000004,0.16811236807615368,3488,0.3569944202899933,0.9805169371760855,0.0,1.36961661695093,0.0,1.1321117154083316
t_up,0.1,000004,0.17169069462647443,3488,0.3574353754520416,0.9817280597605013,0.0,1.3883224119627642,0.25,1.1521789246643666
t_up,0.2,000004,0.1792267365661861,3488,0.31971776485443115,0.8781332865124278,0.0,1.2671992598991269,0.5,1.1631406202330794
none,0.0,000007,0.15817032850697893,3960,0.32877013087272644,1.0,0.0,1.1091537170495978,4.0,1.182168253028968
yaw,0.25,000007,0.15823547614782,3960,0.31100571155548096,0.945967052207299,-0.25,1.1091537170495978,4.0,1.1944326756744548
yaw,0.5,000007,0.15825176305803026,3960,0.29445189237594604,0.8956163128150297,-0.5,1.1091537170495978,4.0,1.170162304887622
yaw,1.0,000007,0.15788530757829933,3960,0.3060912787914276,0.9310191226280277,-1.0,1.1091537170495978,3.75,1.104212752454908
yaw,2.0,000007,0.15664750240231926,3960,0.26729142665863037,0.8130039853349825,-2.0,1.1948340627235907,4.0,1.1891015545385484
yaw,3.0,000007,0.15690809296568348,3960,0.26109614968299866,0.7941601902518154,-3.0,1.2246954135376324,4.0,1.2286035734714882
pitch,0.25,000007,0.15659049821658333,3960,0.3318157494068146,1.0092636716297902,-0.75,1.1348329032730278,3.75,1.182168253028968
pitch,0.5,000007,0.15439990879330281,3960,0.317156046628952,0.9646741502552418,-0.75,1.0979884271489277,3.5,1.1793880331446494
pitch,1.0,000007,0.15077607127151907,3960,0.30663880705833435,0.9326845058714912,-0.75,1.0505403119346108,3.0,1.178852232430087
pitch,2.0,000007,0.14321080147885146,3960,0.3357390761375427,1.0211970146020173,-2.5,1.0783701020936836,2.0,1.1322007072281752
pitch,3.0,000007,0.13545823221876577,3960,0.3586355745792389,1.0908398935974934,-2.25,1.06888290519389,1.0,1.13107652745121
roll,0.25,000007,0.15824361960292513,3960,0.33156251907348633,1.0084934364120834,0.0,1.1251296255356693,3.5,1.1740832860890942
roll,0.5,000007,0.15822733269271486,3960,0.3305315673351288,1.005357653560944,-0.5,1.1355022411042603,4.0,1.1741349448625478
roll,1.0,000007,0.1582110457825046,3960,0.3183910548686981,0.9684305992868729,-2.0,1.1126294208374197,3.5,1.182640260877374
roll,2.0,000007,0.15808889395592762,3960,0.31401684880256653,0.9551258442152362,0.0,1.1122337022954751,4.0,1.1687950373847276
roll,3.0,000007,0.1584390625254483,3960,0.30397850275039673,0.9245928209581574,-2.75,1.1138875480997523,1.5,1.0847880256163953
t_fwd,0.02,000007,0.1586996530888125,3960,0.32211682200431824,0.9797630373211007,0.0,1.0859901211942182,4.0,1.1918884928297513
t_fwd,0.05,000007,0.15974201534226942,3960,0.3178379535675049,0.9667482648858584,-2.5,1.0587566211528634,4.0,1.176510428418409
t_fwd,0.1,000007,0.16115083307545724,3960,0.32629504799842834,0.9924716917935095,0.0,1.0924595595256603,2.75,1.1490487570668366
t_fwd,0.2,000007,0.1639358947214124,3960,0.33980298042297363,1.0335579437248763,0.0,1.1515553360108939,2.75,1.1208941081720756
t_left,0.02,000007,0.15827619342334565,3960,0.328371524810791,0.9987875843195447,0.0,1.1166827640794932,4.0,1.1800679304252668
t_left,0.05,000007,0.15834948451929184,3960,0.31927868723869324,0.9711304563804565,-2.5,1.0805333360698968,2.75,1.171696827651799
t_left,0.1,000007,0.15838205833971236,3960,0.3234681785106659,0.9838733757595728,0.0,1.0957747147185348,2.75,1.135560740804192
t_left,0.2,000007,0.15828433687845078,3960,0.3093319237232208,0.9408759941242031,-0.25,1.1407428043870158,4.0,1.147250734290151
t_up,0.02,000007,0.15964429388100784,3960,0.3317999243736267,1.0092155375941776,0.0,1.0996443481500533,4.0,1.167637384597851
t_up,0.05,000007,0.16158243619602924,3960,0.3349422216415405,1.0187732710159227,-0.5,1.0916507051852669,3.0,1.140005472527818
t_up,0.1,000007,0.16506783498102576,3960,0.33762073516845703,1.0269203417969768,0.0,1.108474769311395,3.25,1.1498363365179556
t_up,0.2,000007,0.17213635401228033,3960,0.3228881061077118,0.9821090050078433,-2.0,1.0955150665800184,3.25,1.1067807130443608
none,0.0,000008,0.14065521602545797,4465,0.5063128471374512,1.0,0.0,1.1591116268467605,-4.0,1.0981712755284017
yaw,0.25,000008,0.14088368487617806,4465,0.49551138281822205,0.978666422587739,-0.25,1.1591116268467605,-4.0,1.0930021609028617
yaw,0.5,000008,0.1410060789033495,4465,0.4613223373889923,0.9111408884786898,-0.5,1.1646560190479665,-4.0,1.122228245277323
yaw,1.0,000008,0.14129166496674964,4465,0.4248128831386566,0.8390323997118142,-1.0,1.1918490875244794,-3.5,1.2012007558391804
yaw,2.0,000008,0.14184651788992697,4465,0.38534268736839294,0.7610762585761173,-2.0,1.2773909255908191,-3.75,1.2877203853363652
yaw,3.0,000008,0.1422708171841214,4465,0.3651680052280426,0.7212299812114163,-3.0,1.30061558038714,-4.0,1.3405495990229197
pitch,0.25,000008,0.139162008893966,4465,0.4827246367931366,0.9534117878349807,0.25,1.1437018758451054,-4.0,1.0881505571713161
pitch,0.5,000008,0.13721186406103383,4465,0.4727713465690613,0.9337534080795619,0.0,1.1427773866924236,-0.5,1.0819177071983117
pitch,1.0,000008,0.1337685120966097,4465,0.43277472257614136,0.854757537800841,0.25,1.083195199541172,-1.0,1.1699224116500282
pitch,2.0,000008,0.1266451797152299,4465,0.39101696014404297,0.7722833073558012,0.25,1.034024454576284,-2.0,1.294861601274112
pitch,3.0,000008,0.11971767777732446,4465,0.3535653054714203,0.6983139129697734,-4.0,1.0449922224004262,-3.0,1.4320207308303838
roll,0.25,000008,0.14074497164538372,4465,0.5022954344749451,0.9920653550759784,0.0,1.1479143826246876,-4.0,1.0925059060244053
roll,0.5,000008,0.14065521602545797,4465,0.501968264579773,0.9914191737732091,0.0,1.1467899059262787,-4.0,1.097922352652484
roll,1.0,000008,0.14063073722002367,4465,0.4889228641986847,0.9656536802550351,0.0,1.125104422851701,-3.75,1.1071077250493462
roll,2.0,000008,0.1404593855819836,4465,0.4898959994316101,0.9675756840880945,0.0,1.0960539494211174,-3.25,1.0737542989983015
roll,3.0,000008,0.1409000040798009,4465,0.4871220886707306,0.962097034323305,0.25,1.0923972083858018,-4.0,1.0610265838335706
t_fwd,0.02,000008,0.14127534576312675,4465,0.5014994740486145,0.9904932827281588,0.0,1.1474123009334407,-4.0,1.1026824768171093
t_fwd,0.05,000008,0.1426298396638244,4465,0.4952619671821594,0.9781738108804264,0.0,1.1398203364459725,-4.0,1.1065457488975967
t_fwd,0.1,000008,0.14444127126596223,4465,0.48708999156951904,0.9620336405117652,0.0,1.1259986469300332,-4.0,1.1134528068110012
t_fwd,0.2,000008,0.1484149973481294,4465,0.4706549346446991,0.9295733602369528,0.0,1.0908974420700566,-4.0,1.1191558275998552
t_left,0.02,000008,0.14062257761821223,4465,0.5013013482093811,0.9901019716240588,0.0,1.1399310601507775,-4.0,1.0881068179841917
t_left,0.05,000008,0.14057362000734364,4465,0.5033115744590759,0.994072296021435,0.0,1.1550944965979146,-4.0,1.0948167945258909
t_left,0.1,000008,0.1403859491656807,4465,0.45719704031944275,0.9029931650052033,-0.25,1.131002705198669,-3.5,1.125166351226381
t_left,0.2,000008,0.14002692668597772,4465,0.43153008818626404,0.8522993059054543,-1.25,1.0858905385270512,-4.0,1.2003686252252888
t_up,0.02,000008,0.1422381787768757,4465,0.5018620491027832,0.9912093914664984,0.0,1.1580241138806617,-3.75,1.1049142866961839
t_up,0.05,000008,0.14449838847864224,4465,0.4915100634098053,0.9707635628617037,0.0,1.105785892308926,-3.75,1.1124024442629048
t_up,0.1,000008,0.14797437885031212,4465,0.47567489743232727,0.9394881052725758,0.5,1.071849503180831,-3.25,1.0997856184015005
t_up,0.2,000008,0.15527722247154338,4465,0.4853287935256958,0.9585551626224907,0.25,1.06368855530002,-2.75,1.1026120093717453
none,0.0,000009,0.1566312697695436,1886,0.26455527544021606,1.0,4.0,1.119445370280832,1.75,1.3152833580526397
yaw,0.25,000009,0.15666354657543088,1886,0.26326727867126465,0.9951314644290944,4.0,1.1218501450767893,1.75,1.3579195011197642
yaw,0.5,000009,0.15663933897101542,1886,0.2594754099845886,0.9807984722770142,3.75,1.1218501450767893,1.5,1.352851618660817
yaw,1.0,000009,0.15650216254599444,1886,0.23672285676002502,0.8947954500855131,3.25,1.1340702121695727,1.25,1.3816153031686864
yaw,2.0,000009,0.15638919372538893,1886,0.23273243010044098,0.8797119230118456,2.25,1.1340702121695727,1.25,1.3807373731062251
yaw,3.0,000009,0.15638919372538893,1886,0.2552732825279236,0.9649147313473625,1.25,1.1340702121695727,1.0,1.3329271874349087
pitch,0.25,000009,0.15508198308695373,1886,0.26223447918891907,0.9912275563303917,3.0,1.109163376067736,1.5,1.3242819691126435
pitch,0.5,000009,0.1529436446969208,1886,0.25861403346061707,0.9775425306877255,2.25,1.119445447780604,1.25,1.326923721654723
pitch,1.0,000009,0.14938512684784713,1886,0.29165539145469666,1.1024364982682215,1.5,1.1364992712972268,0.75,1.328269633511725
pitch,2.0,000009,0.14187270027758053,1886,0.33513909578323364,1.266801787360192,-0.25,1.2088813413906219,-0.25,1.328269633511725
pitch,3.0,000009,0.1342392356852366,1886,0.27694010734558105,1.0468137778948343,-2.5,1.4321778436272945,-1.25,1.3440233769761878
roll,0.25,000009,0.15666354657543088,1886,0.265659898519516,1.0041753961528903,4.0,1.1462362313365833,1.5,1.3207905211253739
roll,0.5,000009,0.15667161577690272,1886,0.24926351010799408,0.9421982218771607,4.0,1.150513816855999,1.75,1.3662967790909664
roll,1.0,000009,0.15667968497837453,1886,0.2339657098054886,0.8843736319987311,-4.0,1.140281251762166,1.5,1.3628091368407445
roll,2.0,000009,0.1565183009489381,1886,0.2386251986026764,0.9019861660502048,1.75,1.1593821591669113,1.5,1.3801396958175527
roll,3.0,000009,0.15676037699309275,1886,0.2740386426448822,1.0358464490601669,1.5,1.2323572304304247,1.25,1.3212701474360014
t_fwd,0.02,000009,0.1570589374475502,1886,0.2649560570716858,1.0015149258724962,4.0,1.116826417488676,1.75,1.296128981209045
t_fwd,0.05,000009,0.15813214124330258,1886,0.27086856961250305,1.0238637999630957,0.0,1.127345299725725,1.75,1.315887487229223
t_fwd,0.1,000009,0.15947162868762507,1886,0.2648952007293701,1.0012848932556284,4.0,1.1228986965514844,1.75,1.2897356213893394
t_fwd,0.2,000009,0.16235233361306564,1886,0.26346081495285034,0.9958630177170176,4.0,1.1295634749794172,1.75,1.3486610503898164
t_left,0.02,000009,0.15664740817248726,1886,0.27277660369873047,1.0310760322009616,4.0,1.1548938416211336,1.75,1.3060784960214185
t_left,0.05,000009,0.15662320056807177,1886,0.27537035942077637,1.0408802431271278,0.0,1.1495798076771147,1.75,1.33319861343541
t_left,0.1,000009,0.1565586469562972,1886,0.2685398459434509,1.0150613912219464,3.75,1.1798294915333998,1.5,1.3688593529920192
t_left,0.2,000009,0.1564860241430508,1886,0.25527992844581604,0.9649398524411733,3.5,1.1553044184011514,1.5,1.4035891615558205
t_up,0.02,000009,0.15819669485507715,1886,0.2652759552001953,1.0027241178947577,3.75,1.1207377163262806,1.75,1.2975209237564957
t_up,0.05,000009,0.16017364921567362,1886,0.2583802044391632,0.9766586737279095,4.0,1.133993323761537,2.0,1.302334231891989
t_up,0.1,000009,0.16350622942353624,1886,0.2448505014181137,0.9255173649842593,4.0,1.1365591050039734,2.25,1.2512607924347956
t_up,0.2,000009,0.17060712671873993,1886,0.26280680298805237,0.9933908993148813,0.0,1.0949618137485406,2.5,1.2257124260627565
none,0.0,000010,0.142084142394822,2542,0.35735222697257996,1.0,0.25,1.1923964619336624,-0.25,1.7036416485485395
yaw,0.25,000010,0.14184250269687163,2542,0.37035682797431946,1.036391548786227,0.0,1.1825455128862699,-0.25,1.7186692943612738
yaw,0.5,000010,0.1416353829557713,2542,0.3373333811759949,0.943980072640988,-0.25,1.1734257876550158,-0.25,1.5662704754768682
yaw,1.0,000010,0.14126429341963323,2542,0.3131861090660095,0.876407324278521,-0.75,1.1675591377371843,-0.75,1.4931643143893691
yaw,2.0,000010,0.14066019417475728,2542,0.3087850511074066,0.8640915819200983,-1.75,1.1643819302910077,-0.5,1.4949670088141171
yaw,3.0,000010,0.1404185544768069,2542,0.3229123055934906,0.9036247187519781,-2.75,1.1402243965430787,-0.5,1.5974012997360902
pitch,0.25,000010,0.14046170442286948,2542,0.3391893804073334,0.9491738257261785,0.0,1.1612539367650467,-0.5,1.7036416485485395
pitch,0.5,000010,0.13822653721682848,2542,0.32128751277923584,0.8990779643410158,0.0,1.200677062729207,-0.75,1.7036416485485395
pitch,1.0,000010,0.13457605177993529,2542,0.28042781352996826,0.784737836687627,-0.25,1.1826484228457241,-1.25,1.7036416485485395
pitch,2.0,000010,0.12692125134843582,2542,0.22347883880138397,0.6253741321123256,-0.25,1.1269141928398858,-2.25,1.6505973691184153
pitch,3.0,000010,0.11925782092772384,2542,0.21066705882549286,0.5895221658760156,-0.5,1.0661445800150124,-3.25,1.6938839831119523
roll,0.25,000010,0.142084142394822,2542,0.3782653510570526,1.0585224395035808,0.25,1.1891165160179458,0.0,1.6988909707058109
roll,0.5,000010,0.1421272923408846,2542,0.3905525207519531,1.092906357575101,0.0,1.1815671184381291,0.0,1.6932616168460355
roll,1.0,000010,0.1421272923408846,2542,0.37651327252388,1.0536194938915837,0.0,1.124463977327172,0.25,1.6173339767995327
roll,2.0,000010,0.1421359223300971,2542,0.34210309386253357,0.9573274434603805,-0.5,1.1317741600782627,0.5,1.4787801820185675
roll,3.0,000010,0.14242934196332255,2542,0.2961944341659546,0.8288585093627581,-0.5,1.1155885567766985,1.0,1.275510795372766
t_fwd,0.02,000010,0.142403451995685,2542,0.35992276668548584,1.007193294231529,0.25,1.1856130695461868,-0.25,1.7187947519752733
t_fwd,0.05,000010,0.14351672060409926,2542,0.3645855188369751,1.0202413510212998,0.25,1.1612717742142646,-0.25,1.7076026320408968
t_fwd,0.1,000010,0.14481121898597626,2542,0.3551764190196991,0.9939113071399781,0.0,1.1286353890225294,-0.25,1.6981767359628612
t_fwd,0.2,000010,0.14754692556634305,2542,0.3391796946525574,0.9491467215022645,0.5,1.0799437575375044,-0.25,1.6127754934924325
t_left,0.02,000010,0.14202373247033442,2542,0.36192190647125244,1.012787606047361,0.0,1.1531015644338993,-0.25,1.7203544093137737
t_left,0.05,000010,0.14199784250269687,2542,0.368388295173645,1.0308828863179629,0.0,1.173051101448926,-0.25,1.673155339613758
t_left,0.1,000010,0.14184250269687163,2542,0.35004183650016785,0.9795428993563455,-0.25,1.148831557911727,-0.25,1.6079373653660574
t_left,0.2,000010,0.1416267529665588,2542,0.3172873556613922,0.887884086659793,-0.75,1.1435157374494869,-0.25,1.5413297592922612
t_up,0.02,000010,0.14365480043149947,2542,0.36430826783180237,1.0194655030364654,0.25,1.1740246699314294,-0.25,1.6944032400708866
t_up,0.05,000010,0.14563106796116504,2542,0.37376314401626587,1.0459236456498846,0.0,1.1512287480353744,0.0,1.686295208454892
t_up,0.1,000010,0.1491175836030205,2542,0.3641562759876251,1.019040175215047,0.25,1.1079385369259809,0.25,1.696582808945487
t_up,0.2,000010,0.1565393743257821,2542,0.3483421802520752,0.9747866501439317,-3.75,1.0623685618444083,0.25,1.6985738237631103
none,0.0,000011,0.18467834524647236,2410,0.559930682182312,1.0,0.0,1.2928263048471225,-0.5,1.0669590752356946
yaw,0.25,000011,0.18473389874449095,2410,0.5420562028884888,0.9680773355298945,-0.25,1.2957449944265083,-1.5,1.0634691139716619
yaw,0.5,000011,0.18467834524647236,2410,0.49779176712036133,0.8890239148535918,-0.5,1.2970227954626947,-2.0,1.082084185469541
yaw,1.0,000011,0.18473389874449095,2410,0.45183226466178894,0.8069432146507619,-1.0,1.3063403985542767,-3.0,1.06096771480726
yaw,2.0,000011,0.1848357468241917,2410,0.4321303069591522,0.7717567918852707,-2.0,1.3068457895820464,-2.5,1.106326345853592
yaw,3.0,000011,0.1846968630791452,2410,0.4137037694454193,0.7388481871238455,-3.0,1.313502417284396,-3.25,1.161864620678833
pitch,0.25,000011,0.18294692789155959,2410,0.5368337631225586,0.9587503957280321,0.0,1.277887044052927,-0.75,1.0669590752356946
pitch,0.5,000011,0.1805210918114144,2410,0.5131518244743347,0.9164559842913802,0.0,1.2682523444248184,-1.0,1.1161991990251425
pitch,1.0,000011,0.1764749453723936,2410,0.48772773146629333,0.8710501977948235,0.0,1.2845254396902588,-1.5,1.1743840230994278
pitch,2.0,000011,0.16800303692455834,2410,0.3841255009174347,0.6860233117076524,0.0,1.236065068487896,-2.5,1.4911263482599617
pitch,3.0,000011,0.15953112847672307,2410,0.28345006704330444,0.5062234952701052,0.25,1.1976087731800522,-3.5,2.0207427058714926
roll,0.25,000011,0.18470612199548164,2410,0.5578975081443787,0.9963688826088095,0.0,1.2824716878990012,-1.0,1.0616949628860854
roll,0.5,000011,0.1846968630791452,2410,0.5563281774520874,0.9935661594464087,0.0,1.2836951057741701,-3.25,1.0776850036719032
roll,1.0,000011,0.1847246398281545,2410,0.5432315468788147,0.9701764239130226,0.0,1.2606981753384527,-1.5,1.087283383866956
roll,2.0,000011,0.18448390800340728,2410,0.505898118019104,0.9035013334996793,0.0,1.2147755415336774,-2.25,1.129227332890175
roll,3.0,000011,0.1848913003222103,2410,0.4748797118663788,0.8481044653876623,0.0,1.1757590260240867,-1.75,1.202047856579249
t_fwd,0.02,000011,0.18519684456131255,2410,0.5537869334220886,0.989027661895079,0.0,1.2721782001908883,-0.5,1.0658049925508553
t_fwd,0.05,000011,0.1865671641791045,2410,0.5488740801811218,0.9802536236126632,0.0,1.252922184451122,-0.25,1.072113160868213
t_fwd,0.1,000011,0.18824302803599866,2410,0.5468601584434509,0.9766568895851194,0.0,1.2604517355854101,-0.25,1.0686559129536715
t_fwd,0.2,000011,0.19173363949483352,2410,0.5256724953651428,0.9388170930665043,-0.25,1.2484201863926816,-2.0,1.0443471389238956
t_left,0.02,000011,0.18471538091181808,2410,0.5656483173370361,1.0102113267528756,0.0,1.302523965092647,-0.25,1.0639634645601814
t_left,0.05,000011,0.18461353283211732,2410,0.5691288113594055,1.0164272640699812,0.0,1.308183093080454,-0.25,1.0867949730047317
t_left,0.1,000011,0.1844931669197437,2410,0.5273011922836304,0.9417258404709861,-0.25,1.3054649715330575,-1.5,1.055864335478101
t_left,0.2,000011,0.18439131884004295,2410,0.43785133957862854,0.7819741862905545,-0.5,1.2195787547705899,-4.0,1.161718839510935
t_up,0.02,000011,0.18653938743009518,2410,0.5725207924842834,1.0224851230743452,0.0,1.3133428525447892,0.0,1.0693347791067191
t_up,0.05,000011,0.18884485759786673,2410,0.5736355185508728,1.0244759517645052,0.0,1.2876055744825232,0.0,1.0758972035971877
t_up,0.1,000011,0.19265953112847672,2410,0.5656899213790894,1.010285628882366,0.0,1.2440439737671636,-1.75,1.08662505262567
t_up,0.2,000011,0.20089070775156476,2410,0.5600483417510986,1.0002101323834016,0.0,1.2044688675491528,-1.25,1.0892300866967812
none,0.0,000012,0.1558659078220437,2884,0.6756020784378052,1.0,0.0,1.5530501227535713,0.0,1.187517175418766
yaw,0.25,000012,0.15587424066929428,2884,0.6211349368095398,0.9193798489279226,-0.25,1.5584961538850233,0.25,1.161128686360422
yaw,0.5,000012,0.1557242494187839,2884,0.4817061424255371,0.7130027538390443,-0.5,1.580044861271168,0.75,1.1051216592436994
yaw,1.0,000012,0.15580757789128968,2884,0.4194832146167755,0.6209027887935848,-1.0,1.5881350024922491,2.5,1.0896675010463825
yaw,2.0,000012,0.15581591073854026,2884,0.4225105047225952,0.6253836662248973,-2.0,1.624428972698677,2.25,1.0780078436868612
yaw,3.0,000012,0.15593257060004834,2884,0.3846864104270935,0.5693979084798022,-3.0,1.648055780822834,1.75,1.1027602093410147
pitch,0.25,000012,0.1541243427466731,2884,0.6680960655212402,0.9888898907269186,0.0,1.5264507543331496,-0.25,1.187517175418766
pitch,0.5,000012,0.1519494696142725,2884,0.6671987771987915,0.9875617593444286,0.0,1.5266195686550963,-0.5,1.187517175418766
pitch,1.0,000012,0.14824135258776572,2884,0.6301761269569397,0.9327622680115136,0.0,1.4079007345249916,-1.0,1.187517175418766
pitch,2.0,000012,0.1405168031864808,2884,0.5808346271514893,0.8597288932185545,0.0,1.28289521190579,-2.0,1.187517175418766
pitch,3.0,000012,0.13250060413142567,2884,0.5548187494277954,0.8212211997788742,0.0,1.242620636965769,-3.0,1.227080396143961
roll,0.25,000012,0.15578257934953793,2884,0.6799852848052979,1.0064878521061214,0.0,1.569877316911279,0.0,1.1838223078384622
roll,0.5,000012,0.15582424358579083,2884,0.6771433353424072,1.0022813087078801,0.0,1.5820640969232165,0.0,1.1796073333357562
roll,1.0,000012,0.1558659078220437,2884,0.6613142490386963,0.9788517089347228,0.0,1.5548791515456175,0.25,1.1458229429102342
roll,2.0,000012,0.15562425525177698,2884,0.630890965461731,0.9338203442484077,0.0,1.5194807124419953,-0.75,1.1115774010704385
roll,3.0,000012,0.15580757789128968,2884,0.6212785840034485,0.9195924699344192,0.0,1.5212724113597837,0.0,1.0741687122949992
t_fwd,0.02,000012,0.15624921879557027,2884,0.6571807265281677,0.9727334291921761,0.0,1.5102934176398513,0.25,1.179114473392103
t_fwd,0.05,000012,0.1568075195613589,2884,0.6237079501152039,0.9231883234542497,0.25,1.4331351484517691,0.5,1.1572227835292406
t_fwd,0.1,000012,0.15846575616422376,2884,0.5994231104850769,0.8872428454795803,0.0,1.3732902236968993,0.0,1.1704924409426092
t_fwd,0.2,000012,0.16081561908888647,2884,0.5880769491195679,0.8704486973743158,0.0,1.3550986884461227,0.0,1.155203106427262
t_left,0.02,000012,0.15582424358579083,2884,0.6895872354507446,1.0207002871354056,0.0,1.5898975812418439,0.25,1.1983496922968742
t_left,0.05,000012,0.1558325764330414,2884,0.6645668745040894,0.9836661190278861,0.0,1.547032988211791,0.0,1.203070869897089
t_left,0.1,000012,0.15584924212754256,2884,0.6123616099357605,0.9063939106755331,0.0,1.4375759806116508,0.0,1.1527106822382174
t_left,0.2,000012,0.1558325764330414,2884,0.5402701497077942,0.7996869265959942,-0.25,1.4059770196020298,0.75,1.127052683363132
t_up,0.02,000012,0.1571824976876349,2884,0.6775519847869873,1.0028861757703453,0.0,1.5709292905785723,0.0,1.1915207894950617
t_up,0.05,000012,0.15914904963877108,2884,0.6685547232627869,0.9895687781314796,0.0,1.561310006941793,0.25,1.187310508990614
t_up,0.1,000012,0.16274050680376978,2884,0.6693837642669678,0.9907958924797626,0.0,1.5984044415573917,0.25,1.1684657865551316
t_up,0.2,000012,0.1698067612722591,2884,0.6570370197296143,0.9725207199611954,0.0,1.6044671956692749,0.5,1.19587860372138
none,0.0,000015,0.14956396890270265,4898,0.5345971584320068,1.0,0.0,1.1280439417669086,0.25,1.173938411694746
yaw,0.25,000015,0.14964554628292667,4898,0.511614978313446,0.9570102838070289,-0.25,1.1280439417669086,0.25,1.1318623437102622
yaw,0.5,000015,0.1499310671137107,4898,0.4972902238368988,0.9302148655175597,-0.5,1.1280439417669086,0.5,1.0983853258963339
yaw,1.0,000015,0.1504368468710996,4898,0.48189571499824524,0.9014183996257352,-1.0,1.1280439417669086,0.5,1.109530432850082
yaw,2.0,000015,0.15067342127374922,4898,0.45745691657066345,0.8557039807551567,-2.0,1.1153316360759506,1.0,1.0824797031701943
yaw,3.0,000015,0.1512444629353173,4898,0.47051334381103516,0.8801269075037139,-3.0,1.1153316360759506,0.25,1.110135833392619
pitch,0.25,000015,0.14813636474878245,4898,0.5362420678138733,1.0030769138143028,0.0,1.1194618260693847,0.0,1.173938411694746
pitch,0.5,000015,0.14597456417284616,4898,0.5251713991165161,0.9823684821985645,0.0,1.096234352831279,-0.25,1.173938411694746
pitch,1.0,000015,0.1426543647977289,4898,0.5051131248474121,0.9448481288769426,0.25,1.0663057681538175,-0.75,1.173938411694746
pitch,2.0,000015,0.13595686188133754,4898,0.48504796624183655,0.9073148979401613,-1.0,1.0573498241034829,-1.75,1.173938411694746
pitch,3.0,000015,0.12885147206382613,4898,0.46877771615982056,0.8768802990550172,-1.0,1.0609455041801557,-2.75,1.173938411694746
roll,0.25,000015,0.14956396890270265,4898,0.5286874175071716,0.9889454314681195,0.0,1.114908265111493,0.25,1.1578444764637887
roll,0.5,000015,0.14953949568863545,4898,0.5211703181266785,0.9748841906591689,0.0,1.1045832351661178,0.25,1.15889419542338
roll,1.0,000015,0.14934370997609783,4898,0.5011518597602844,0.9374383156659143,0.0,1.0804816843209075,0.5,1.1264961373648452
roll,2.0,000015,0.14963738854490427,4898,0.4872083365917206,0.9113560162211123,0.0,1.0685150339512373,0.75,1.0916290864589848
roll,3.0,000015,0.1497108081871059,4898,0.47897323966026306,0.8959517126224711,0.0,1.0637858130649862,2.5,1.0747071496483394
t_fwd,0.02,000015,0.15040421591901,4898,0.5359010100364685,1.0024389422650242,0.0,1.1265735946347044,0.0,1.161025887239336
t_fwd,0.05,000015,0.15167682305050456,4898,0.5343366861343384,0.9995127690195129,0.0,1.1137094860604344,0.25,1.1671314050218005
t_fwd,0.1,000015,0.1533654748211416,4898,0.5307019352912903,0.9927137226988983,0.0,1.108651978236371,0.0,1.1481953583830329
t_fwd,0.2,000015,0.15729750454793895,4898,0.5182698369026184,0.9694586451277125,-0.25,1.0878522671900825,0.0,1.1334123125912738
t_left,0.02,000015,0.14957212664072506,4898,0.5247864723205566,0.9816484506946777,-0.25,1.1067153831100434,0.25,1.1666401737383576
t_left,0.05,000015,0.14965370402094907,4898,0.5246463418006897,0.9813863271168458,-0.25,1.121269716971278,0.25,1.1418027339796681
t_left,0.1,000015,0.14982501651941948,4898,0.5052350163459778,0.94507613513669,-0.25,1.1135571492429206,0.5,1.137429116636356
t_left,0.2,000015,0.15018395699240514,4898,0.48556891083717346,0.9082893599011356,-0.75,1.1096226696517661,0.5,1.1259185782393815
t_up,0.02,000015,0.15149735281401172,4898,0.5309794545173645,0.9932328411073991,0.0,1.123213598661528,0.25,1.1594955939720253
t_up,0.05,000015,0.15389572779259766,4898,0.5137245059013367,0.9609562972764568,0.0,1.0983480814230142,0.5,1.1629585375988856
t_up,0.1,000015,0.1575993408547678,4898,0.48866698145866394,0.9140845097118402,-0.25,1.0591999661238942,0.5,1.1487899367599148
t_up,0.2,000015,0.16525129911978007,4898,0.4865698516368866,0.9101616870991494,0.0,1.0428929057737988,1.0,1.132164501672096
none,0.0,000016,0.1580260015919342,2539,0.34718120098114014,1.0,0.0,1.1183597358284871,0.0,1.264799014258573
yaw,0.25,000016,0.15809675422304767,2539,0.3264063894748688,0.9401614734681446,-0.25,1.1183597358284871,-0.25,1.2345408095907784
yaw,0.5,000016,0.15806137790749095,2539,0.30594441294670105,0.8812240181268364,-0.5,1.1183597358284871,0.0,1.1963578285185534
yaw,1.0,000016,0.15805253382860174,2539,0.28462204337120056,0.8198083380288267,-1.0,1.1207471116354544,-0.75,1.1647165292172763
yaw,2.0,000016,0.15815866277527196,2539,0.3106873333454132,0.8948852428282562,4.0,1.2352599334244938,-0.75,1.1291713232769687
yaw,3.0,000016,0.15830016803749888,2539,0.30271467566490173,0.8719212757183418,3.75,1.276358378902146,0.5,1.198061735828363
pitch,0.25,000016,0.15644291147077033,2539,0.3291608393192291,0.9480952263227814,2.5,1.165541019416576,-0.25,1.264799014258573
pitch,0.5,000016,0.154116918722915,2539,0.2978236973285675,0.857833593774411,4.0,1.2147677223299929,-0.5,1.2599174905623545
pitch,1.0,000016,0.15020783585389583,2539,0.29495003819465637,0.8495564776005222,4.0,1.1151214205768465,-1.0,1.2599174905623545
pitch,2.0,000016,0.14220394445918458,2539,0.31260597705841064,0.9004115896107874,3.25,1.122419684728381,-2.0,1.2599174905623545
pitch,3.0,000016,0.13403201556557884,2539,0.2755586802959442,0.7937027682294161,4.0,1.129219295122505,-3.0,1.2599174905623545
roll,0.25,000016,0.15799062527637747,2539,0.34654101729393005,0.998156053134787,0.0,1.1275496925319435,0.0,1.302873057915282
roll,0.5,000016,0.15803484567082338,2539,0.3314179480075836,0.9545964674094989,4.0,1.1021795222911435,0.25,1.2963049233018513
roll,1.0,000016,0.1580790660652693,2539,0.32167986035346985,0.9265474612231219,0.0,1.097829054216789,-0.25,1.2295206153373646
roll,2.0,000016,0.15776952330414787,2539,0.27404317259788513,0.7893375903517654,-4.0,1.1356749310522751,0.5,1.2293385303864908
roll,3.0,000016,0.1581409746174936,2539,0.2439572513103485,0.702679899202264,4.0,1.2792348794205413,-0.75,1.1109959627112713
t_fwd,0.02,000016,0.15860971079862032,2539,0.34030407667160034,0.9801915417940116,4.0,1.0978360489163055,0.0,1.2492315865490915
t_fwd,0.05,000016,0.15990979039533032,2539,0.3390488922595978,0.9765761835647774,4.0,1.1056815969919114,0.0,1.2567624235249775
t_fwd,0.1,000016,0.16152825683205094,2539,0.3338637351989746,0.9616411667897624,4.0,1.1223239319735574,0.0,1.2410524333366568
t_fwd,0.2,000016,0.16511010878217033,2539,0.3421826660633087,0.985602518501274,4.0,1.0876211372124913,0.0,1.309430768155241
t_left,0.02,000016,0.15803484567082338,2539,0.34657955169677734,0.9982670453277351,0.0,1.1109209044124728,0.0,1.2825402707287
t_left,0.05,000016,0.15791102856637482,2539,0.3440166413784027,0.9908849914863065,-0.25,1.1261226100738608,0.0,1.2929243612429242
t_left,0.1,000016,0.15778721146192623,2539,0.32584866881370544,0.9385550481790241,-0.25,1.0728550849650165,0.0,1.228457740845273
t_left,0.2,000016,0.15758379764747502,2539,0.30282750725746155,0.8722462691000138,-4.0,1.070164366426187,0.0,1.1998112410634405
t_up,0.02,000016,0.15980366144866012,2539,0.3462154269218445,0.9972182420690799,-4.0,1.1267266460354244,0.0,1.2586541627513381
t_up,0.05,000016,0.16221809498540726,2539,0.34055331349372864,0.9809094286537376,-4.0,1.114570636296028,0.0,1.25262927693925
t_up,0.1,000016,0.16580879101441584,2539,0.3372170329093933,0.9712998052786617,-4.0,1.1226722694870468,0.25,1.2795176466593414
t_up,0.2,000016,0.17376846201468116,2539,0.303758829832077,0.8749287950316701,2.5,1.1461971293249043,0.25,1.2637988412257246
none,0.0,000019,0.16242426337761567,3301,0.4146336317062378,1.0,0.0,1.2218863222430132,0.0,1.1335433538416464
yaw,0.25,000019,0.16254526910810133,3301,0.3862265348434448,0.9314886813549196,-0.25,1.2498962147793928,-4.0,1.157433722390645
yaw,0.5,000019,0.1627354209702931,3301,0.33173444867134094,0.800066428056589,-0.5,1.2520311945990796,-4.0,1.1796787570484994
yaw,1.0,000019,0.1630033622306542,3301,0.2832454741001129,0.6831222854126517,-1.0,1.2892904109693135,-4.0,1.2954148091868587
yaw,2.0,000019,0.16346145535320708,3301,0.2984023988246918,0.7196772668843847,-2.0,1.3302702152787977,-4.0,1.2390408159621302
yaw,3.0,000019,0.16366889374832536,3301,0.306740403175354,0.7397865964540844,-3.0,1.355982560364184,-4.0,1.1926301111743702
pitch,0.25,000019,0.16082525908191223,3301,0.3947315216064453,0.9520007337130509,0.0,1.179124997028817,-0.25,1.1516643213085442
pitch,0.5,000019,0.15867308573256006,3301,0.3758792281150818,0.9065333812125184,-3.75,1.1674539349162671,-0.5,1.166004792313927
pitch,1.0,000019,0.15503427055152683,3301,0.3464333415031433,0.8355167430040662,-0.25,1.135877370529609,-1.0,1.1968641064026329
pitch,2.0,000019,0.14720347113581164,3301,0.27622413635253906,0.6661884498270513,-4.0,1.1882116289131364,-2.0,1.5010767602764792
pitch,3.0,000019,0.13926030925607405,3301,0.24286313354969025,0.5857294608502849,-2.5,1.31798076481681,-3.0,1.7069492181602772
roll,0.25,000019,0.16247612297639524,3301,0.42971134185791016,1.0363639343234818,0.0,1.2548950255009126,0.0,1.180899668262224
roll,0.5,000019,0.16249340950932176,3301,0.41854408383369446,1.0094311021307292,0.0,1.2407412920893428,-0.25,1.1878715944824019
roll,1.0,000019,0.1622773278477402,3301,0.40198999643325806,0.9695064888466703,0.0,1.1572780905272626,-0.25,1.1450891757721604
roll,2.0,000019,0.16204395965323215,3301,0.368416965007782,0.8885361360865206,-0.25,1.1520869029117369,-0.5,1.1183811874556815
roll,3.0,000019,0.16233783071298305,3301,0.3309227228164673,0.7981087338591035,-0.25,1.110782839644513,-1.75,1.14228593894628
t_fwd,0.02,000019,0.16315029776052967,3301,0.4261970818042755,1.0278883554391223,0.0,1.248775068301114,0.0,1.1358169584970315
t_fwd,0.05,000019,0.16450729059526176,3301,0.41842126846313477,1.0091348999870335,0.0,1.2481702247506663,0.0,1.1273505124507381
t_fwd,0.1,000019,0.16659031781290787,3301,0.41893571615219116,1.0103756283064884,0.0,1.2607537822658312,0.0,1.1805698269325104
t_fwd,0.2,000019,0.17055757711954503,3301,0.39116883277893066,0.9434083558761301,0.0,1.18671503175315,-4.0,1.135752581302513
t_left,0.02,000019,0.16236376051237283,3301,0.40209266543388367,0.9697541026261005,-0.25,1.2034830402481316,0.0,1.1135696542327602
t_left,0.05,000019,0.16219953844957086,3301,0.38427117466926575,0.9267728068463018,-0.25,1.1998632522732893,-3.75,1.1293175115505147
t_left,0.1,000019,0.16203531638676888,3301,0.3647664487361908,0.8797319388568624,-0.75,1.2763816055377712,-4.0,1.1738396991438922
t_left,0.2,000019,0.16132656853678143,3301,0.29924988746643066,0.7217212126160694,-1.25,1.240144723931437,-4.0,1.2562470664683776
t_up,0.02,000019,0.16415291667026802,3301,0.4179949164390564,1.0081066379468224,0.0,1.2097046631856219,0.0,1.1398845680093963
t_up,0.05,000019,0.16607172182511215,3301,0.4219992458820343,1.0177641503548245,0.0,1.1951428564194022,0.0,1.1193617368261244
t_up,0.1,000019,0.17011677052991866,3301,0.4003288447856903,0.9655001769593977,0.0,1.1647221547591415,0.25,1.1217368735275282
t_up,0.2,000019,0.17797349974502363,3301,0.39489832520484924,0.9524030252438115,0.0,1.1398633618349592,-2.25,1.0464005980024953
none,0.0,000021,0.15826281334823566,2228,0.45568451285362244,1.0,0.25,1.5047648604008055,0.0,1.1192754497474642
yaw,0.25,000021,0.1583107137154718,2228,0.4628444015979767,1.015712381137373,0.0,1.5047648604008055,0.0,1.1277033272172026
yaw,0.5,000021,0.15821491298099952,2228,0.42751559615135193,0.9381832914929038,-0.25,1.5047648604008055,0.5,1.0675264211018975
yaw,1.0,000021,0.15828676353185375,2228,0.3886231780052185,0.8528338511474808,-0.75,1.5047648604008055,2.5,1.1858872023877318
yaw,2.0,000021,0.15839853105540475,2228,0.3363497257232666,0.7381197215085314,-1.75,1.4949314441630077,2.25,1.3617073647902929
yaw,3.0,000021,0.15857416573527064,2228,0.3059554100036621,0.6714193732143423,-2.75,1.4949314441630077,2.25,1.4239240466682648
pitch,0.25,000021,0.15673798499121827,2228,0.4421010911464691,0.9701911710317075,0.25,1.425647621877338,-0.25,1.1192754497474642
pitch,0.5,000021,0.154614402043749,2228,0.4439595639705658,0.9742695910167503,0.75,1.431759131782015,-0.5,1.1192754497474642
pitch,1.0,000021,0.15113364202458884,2228,0.44846606254577637,0.984159105468294,1.0,1.374837701995325,-1.0,1.1192754497474642
pitch,2.0,000021,0.1436532013412103,2228,0.43573451042175293,0.9562197049293225,1.0,1.1555160723127156,-2.0,1.1192754497474642
pitch,3.0,000021,0.1361727606578317,2228,0.41800767183303833,0.9173181445543512,1.0,1.118836061869009,-3.0,1.1192754497474642
roll,0.25,000021,0.1582787801373144,2228,0.455817848443985,1.0002926050515246,0.25,1.5824107158299223,1.5,1.1152947965086797
roll,0.5,000021,0.1583107137154718,2228,0.47281378507614136,1.0375902005430264,0.25,1.5339863522681103,0.0,1.1395995634108402
roll,1.0,000021,0.15826281334823566,2228,0.45391303300857544,0.9961124861717299,0.0,1.4709549351104143,1.25,1.1108306631111973
roll,2.0,000021,0.15819096279738146,2228,0.4344860017299652,0.9534798516831167,0.0,1.3301594812107127,1.5,1.1609584184897142
roll,3.0,000021,0.15846239821171962,2228,0.43053123354911804,0.9448011099894802,-0.25,1.2325601336610188,1.5,1.1653941372289196
t_fwd,0.02,000021,0.15893341848954176,2228,0.47228553891181946,1.0364309639452893,0.25,1.5568514316657291,0.0,1.1474679026600203
t_fwd,0.05,000021,0.16014689445952418,2228,0.4856890141963959,1.0658449003563386,0.0,1.578196662810837,0.25,1.1800860059900555
t_fwd,0.1,000021,0.1618234073127894,2228,0.4600379168987274,1.00955354839216,0.0,1.49500009249134,1.0,1.1322495753755648
t_fwd,0.2,000021,0.1654079514609612,2228,0.43056175112724304,0.9448680808372141,0.0,1.3890846048836996,0.5,1.1125834420050957
t_left,0.02,000021,0.15837458087178669,2228,0.47567641735076904,1.0438722491838746,0.0,1.5575525046496612,0.0,1.1572751446951748
t_left,0.05,000021,0.1584304646335622,2228,0.49355465173721313,1.0831060477487755,0.0,1.6026184282849865,0.0,1.2001677819883514
t_left,0.1,000021,0.15866198307520357,2228,0.4369511306285858,0.958889578871744,-0.25,1.522716059046235,1.25,1.0651445337954288
t_left,0.2,000021,0.15900526904039597,2228,0.42231982946395874,0.926781177660121,-0.5,1.429809981123231,1.75,1.1219347694720387
t_up,0.02,000021,0.15984352546702857,2228,0.46397829055786133,1.0182007012972658,0.0,1.5421624687551323,0.0,1.1443213911089214
t_up,0.05,000021,0.16190324125818298,2228,0.4524891674518585,0.9929878121559282,0.0,1.4914836311254593,0.25,1.1259689224596883
t_up,0.1,000021,0.165024748523072,2228,0.41810527443885803,0.9175323335449063,0.0,1.4177440672774562,1.25,1.1285473783225914
t_up,0.2,000021,0.1719703017723136,2228,0.4068470597267151,0.89282617304443,0.25,1.4028817812354337,2.5,1.116768929400764
none,0.0,000023,0.15436169152576154,3994,0.28966203331947327,1.0,0.0,1.0606248266292269,4.0,1.142165276773999
yaw,0.25,000023,0.15433677706540877,3994,0.276859849691391,0.9558030319632448,-0.25,1.0673293784252302,-1.0,1.1439042163903776
yaw,0.5,000023,0.15434508188552637,3994,0.27129822969436646,0.9366026558100797,-0.5,1.0676886231281153,-1.0,1.1504272426421398
yaw,1.0,000023,0.15432847224529117,3994,0.2662646770477295,0.9192253261374492,-1.0,1.0801223141675131,-1.0,1.122873613711078
yaw,2.0,000023,0.15440321562634954,3994,0.25103574991226196,0.8666505134809652,-2.0,1.0997079045227052,4.0,1.122695994653966
yaw,3.0,000023,0.15441982526658474,3994,0.2709874212741852,0.9355296521560644,-3.0,1.1407161994236004,4.0,1.0814948334125656
pitch,0.25,000023,0.15279208052353585,3994,0.265287309885025,0.9158511622834431,-2.75,1.0884669632032704,3.75,1.142165276773999
pitch,0.5,000023,0.15055808391190248,3994,0.23901033401489258,0.8251351800437164,-3.0,1.1817734642437852,3.5,1.142165276773999
pitch,1.0,000023,0.14682921967910176,3994,0.22819176316261292,0.7877862367655767,-3.5,1.2294691451103077,3.0,1.142165276773999
pitch,2.0,000023,0.13927183337208915,3994,0.25670063495635986,0.8862073914714266,-3.25,1.1460876227614623,2.0,1.0982251362636233
pitch,3.0,000023,0.13151513138225426,3994,0.2647821605205536,0.9141072355468857,-1.5,1.1035453591883602,3.75,1.1025791370126465
roll,0.25,000023,0.15436999634587914,3994,0.26067593693733215,0.8999313232391356,-1.0,1.0706619682334713,4.0,1.149919092250396
roll,0.5,000023,0.15437830116599674,3994,0.24985051155090332,0.8625587160583758,-2.0,1.1236190709007352,3.75,1.1519582658138394
roll,1.0,000023,0.15435338670564397,3994,0.24313706159591675,0.8393818782862602,-4.0,1.1067761799792168,-1.0,1.1223479470081936
roll,2.0,000023,0.15415407102282164,3994,0.23012374341487885,0.7944560106055438,-3.5,1.1551483217616842,3.75,1.1696151177447605
roll,3.0,000023,0.15458592166893664,3994,0.25394439697265625,0.8766920333414099,-3.0,1.0937513987630105,4.0,1.2169528210088654
t_fwd,0.02,000023,0.15480184699199415,3994,0.29369550943374634,1.0139247662803792,0.0,1.0755543399751029,4.0,1.1616395702500073
t_fwd,0.05,000023,0.15591469288775206,3994,0.2911992371082306,1.0053068873788575,0.0,1.0620974887996883,4.0,1.125095959678662
t_fwd,0.1,000023,0.15748430388997775,3994,0.2957664728164673,1.0210743514675993,0.0,1.0819083442858426,4.0,1.1303591410422538
t_fwd,0.2,000023,0.16064013553466433,3994,0.2981652021408081,1.0293554827461857,0.0,1.0758836891217474,-1.0,1.1186282116181399
t_left,0.02,000023,0.15440321562634954,3994,0.28355464339256287,0.9789154627656209,-3.25,1.0397846429222244,4.0,1.134982617350645
t_left,0.05,000023,0.15451948310799588,3994,0.27707692980766296,0.9565524574705655,-0.5,1.0539568333545262,-1.0,1.115293607685427
t_left,0.1,000023,0.15460253130917184,3994,0.2761675715446472,0.9534130806851626,-1.0,1.0636474165058105,-1.0,1.1164566555396835
t_left,0.2,000023,0.15498455303458128,3994,0.250790536403656,0.8658039630863696,-1.5,1.1097672129808474,-1.0,1.1263071305311758
t_up,0.02,000023,0.15596452180845763,3994,0.2656095325946808,0.9169635714796472,-3.5,1.0471084186906874,4.0,1.1570828480115862
t_up,0.05,000023,0.15815699431950303,3994,0.2590377628803253,0.8942758562860328,-3.25,1.0621505688629256,4.0,1.1181155598662786
t_up,0.1,000023,0.16149553200677674,3994,0.2639995217323303,0.9114053323003526,-1.5,1.0517256294157653,-1.5,1.117155370778447
t_up,0.2,000023,0.16882038335049662,3994,0.2990979254245758,1.0325755225735627,0.25,1.0978879700848707,0.0,1.1126696447804902
none,0.0,000025,0.15139920538953186,5670,0.5175227522850037,1.0,0.25,1.1903689662148218,0.25,1.1029812127661012
yaw,0.25,000025,0.15139056831922612,5670,0.5208299160003662,1.0063903735647572,0.0,1.1903689662148218,0.0,1.084013208272197
yaw,0.5,000025,0.15144239074106064,5670,0.5025466680526733,0.971061979079747,-0.25,1.2033835468684757,0.25,1.05955797871801
yaw,1.0,000025,0.15149421316289516,5670,0.4691371023654938,0.90650527014344,-0.75,1.2033835468684757,-2.5,1.045283145275993
yaw,2.0,000025,0.1515028502332009,5670,0.4577993154525757,0.8845974663553771,-1.75,1.2195534390884553,-3.25,1.1214325932510831
yaw,3.0,000025,0.15126964933494558,5670,0.420756071805954,0.8130194661939045,-2.75,1.2378428997230602,-4.0,1.1653414916258047
pitch,0.25,000025,0.15015546726550355,5670,0.5205031633377075,1.0057589952123738,0.0,1.1953498959889102,0.0,1.1033234030031551
pitch,0.5,000025,0.14830713422007255,5670,0.49309635162353516,0.9528013009020003,0.25,1.1637794980433402,-0.25,1.1088331689729916
pitch,1.0,000025,0.14537916738642254,5670,0.4568312466144562,0.8827268841754725,0.25,1.097707374885119,-0.75,1.1159217088235391
pitch,2.0,000025,0.1394973225082052,5670,0.45767366886138916,0.8843546816843036,0.0,1.1268254438206307,-1.75,1.1713946166327929
pitch,3.0,000025,0.13309725341164277,5670,0.38644930720329285,0.7467291157674016,-0.25,1.0865844944550265,-2.75,1.3468860045436573
roll,0.25,000025,0.15156330972534116,5670,0.5247235894203186,1.0139140493891743,0.25,1.2066197343364238,0.0,1.115515257647831
roll,0.5,000025,0.15164104335809295,5670,0.5293402671813965,1.022834773629208,0.0,1.1970221014622413,0.0,1.1323166840599075
roll,1.0,000025,0.15199516324062878,5670,0.5109012126922607,0.9872053169382273,0.25,1.1746840807159902,-0.75,1.1134480413251406
roll,2.0,000025,0.15238383140438763,5670,0.5064535737037659,0.9786112233088027,0.25,1.1206083614462068,-1.0,1.09424377564649
roll,3.0,000025,0.1536016583174987,5670,0.5059288740158081,0.977597355443784,0.25,1.121293082779088,0.0,1.090156655279078
t_fwd,0.02,000025,0.15185697011573673,5670,0.5134919881820679,0.9922114262896871,0.25,1.2012898554097136,0.25,1.0957885480558875
t_fwd,0.05,000025,0.15285023320089824,5670,0.5082958936691284,0.9821711053762638,0.25,1.1998608525473116,0.25,1.1054852804400968
t_fwd,0.1,000025,0.15449991362929694,5670,0.5056873559951782,0.9771306744726315,0.5,1.1695360164999116,0.25,1.0900407186644931
t_fwd,0.2,000025,0.15746242874417,5670,0.49127689003944397,0.9492855876776874,0.0,1.1210555844961325,0.25,1.0670528101422612
t_left,0.02,000025,0.15139056831922612,5670,0.5280668139457703,1.0203741026152215,0.0,1.2154816811516458,0.25,1.1206587973039566
t_left,0.05,000025,0.1514855760925894,5670,0.5053737163543701,0.9765246341788989,-0.25,1.185742443810634,0.25,1.071715493857385
t_left,0.1,000025,0.1515373985144239,5670,0.5029094815254211,0.9717630370934206,-0.5,1.156133320779897,-4.0,1.0603881619245195
t_left,0.2,000025,0.15159785800656417,5670,0.47644057869911194,0.9206176474280546,-0.5,1.1342096621730622,-3.5,1.0383557317450525
t_up,0.02,000025,0.15274658835722923,5670,0.5288211703300476,1.0218317320256132,0.0,1.2153002561717896,0.0,1.1187730974835968
t_up,0.05,000025,0.15445672827776818,5670,0.5163294672966003,0.9976942366627658,0.25,1.202831515512793,0.25,1.1036990829678268
t_up,0.1,000025,0.15804974952496112,5670,0.4919399917125702,0.9505668872344673,0.25,1.1431367958163439,0.5,1.1074314916087076
t_up,0.2,000025,0.16454482639488685,5670,0.48333612084388733,0.9339417807426378,0.25,1.1252089911194851,1.5,1.0523755941598225
none,0.0,000031,0.15579061925452012,2524,0.4485439956188202,1.0,0.0,1.3788639303227797,0.0,1.2647961420061218
yaw,0.25,000031,0.1556587050976577,2524,0.4423321783542633,0.9861511527849416,-0.25,1.3714895913371465,0.0,1.2793774563910452
yaw,0.5,000031,0.15563397119324598,2524,0.39550092816352844,0.881743891405541,-0.5,1.3582379681694878,0.0,1.1852390732442026
yaw,1.0,000031,0.15530418580108993,2524,0.33381158113479614,0.7442114583972149,-1.0,1.3437041162382382,-1.25,1.0684161824090772
yaw,2.0,000031,0.15485897552167927,2524,0.3321749269962311,0.7405626432206632,-2.0,1.292460705495576,4.0,1.0452366185518869
yaw,3.0,000031,0.1544302545118764,2524,0.3198772370815277,0.7131457342110192,-3.0,1.292460705495576,-0.75,1.0710443566167753
pitch,0.25,000031,0.15414993692854376,2524,0.43551716208457947,0.9709575121694168,0.0,1.3578022149964004,-0.25,1.2647961420061218
pitch,0.5,000031,0.15208053359276452,2524,0.421709805727005,0.940174898886353,0.0,1.3312064172312283,-0.5,1.2647961420061218
pitch,1.0,000031,0.1485188513574791,2524,0.3811914622783661,0.8498418572128399,0.0,1.2194590211026026,-1.0,1.2647961420061218
pitch,2.0,000031,0.14124708346043813,2524,0.3564784824848175,0.7947458576343502,-0.25,1.1407200724128526,-2.0,1.2647961420061218
pitch,3.0,000031,0.13357957309280985,2524,0.3473902642726898,0.7744842594390843,4.0,1.0903681357148391,-3.0,1.2648709735109445
roll,0.25,000031,0.15574115144569672,2524,0.45550253987312317,1.0155136270293905,0.0,1.4080146902485948,0.0,1.2827943429616235
roll,0.5,000031,0.155798863889324,2524,0.4516914486885071,1.0070170442597155,0.0,1.4183354167559585,0.0,1.2851927647113393
roll,1.0,000031,0.15588131023736304,2524,0.4351637363433838,0.9701695722022168,0.0,1.3787832762163796,-0.25,1.2686463701080537
roll,2.0,000031,0.15593077804618644,2524,0.3892706632614136,0.8678539163686007,0.0,1.2255419268052006,-0.5,1.214545014458803
roll,3.0,000031,0.1563677436907932,2524,0.3590536415576935,0.8004870092226649,4.0,1.1876173332778945,-1.5,1.1122046675911992
t_fwd,0.02,000031,0.1562605634383425,2524,0.45851466059684753,1.0222289565247031,0.0,1.4003416115798426,0.0,1.2914827541224922
t_fwd,0.05,000031,0.15720045180598724,2524,0.4697559177875519,1.047290616697404,0.0,1.4390222013989262,0.0,1.337445722244684
t_fwd,0.1,000031,0.1587834216883363,2524,0.45830780267715454,1.0217677800922604,0.0,1.3881479178672167,0.0,1.3062310371188313
t_fwd,0.2,000031,0.16175973485254472,2524,0.41030770540237427,0.9147546492876482,-0.25,1.2478874208410566,0.0,1.189266778271303
t_left,0.02,000031,0.155798863889324,2524,0.4634660482406616,1.0332677569370974,0.0,1.4149947586013123,0.0,1.3112859529107619
t_left,0.05,000031,0.1557658853501084,2524,0.45211416482925415,1.0079594627178288,0.0,1.3782441526462121,0.0,1.2898957289007538
t_left,0.1,000031,0.15577412998491233,2524,0.417022705078125,0.9297253093373643,-0.25,1.4118500319866778,0.0,1.2199928036522643
t_left,0.2,000031,0.15577412998491233,2524,0.3419148623943329,0.7622772029812156,-0.75,1.2891803492725389,-0.25,1.0680730669246536
t_up,0.02,000031,0.15719220717118335,2524,0.44284412264823914,0.9872924996739341,0.25,1.3651266083319975,0.0,1.2547859065647282
t_up,0.05,000031,0.15908847317608066,2524,0.4300841689109802,0.9588450031922233,0.0,1.2960169152163754,0.25,1.2509016675969167
t_up,0.1,000031,0.16283978201185578,2524,0.4088192880153656,0.9114363184181083,0.0,1.2358743881530758,0.5,1.2070897303529975
t_up,0.2,000031,0.16996314648242655,2524,0.3857538104057312,0.860013319035823,0.0,1.1459701470073302,0.75,1.1659837370435844
none,0.0,000032,0.1646286479972358,3568,0.4643315076828003,1.0,0.0,1.2080669299278566,0.0,1.125399207212434
yaw,0.25,000032,0.16464550273468115,3568,0.4479740858078003,0.9647721044031019,-0.25,1.2076395679112104,0.25,1.1103340779032191
yaw,0.5,000032,0.16472977642190778,3568,0.4233057498931885,0.9116455439469384,-0.5,1.2068270664414906,-1.25,1.0587576147438944
yaw,1.0,000032,0.1647213490531851,3568,0.4019455909729004,0.8656435850730213,-1.0,1.203141001751848,-2.25,1.0883634155910678
yaw,2.0,000032,0.16473820379063045,3568,0.3879726231098175,0.8355509300800109,-2.0,1.1968151359776977,-3.5,1.1220918420110941
yaw,3.0,000032,0.1647719132655211,3568,0.3847539722919464,0.8286191350916987,-3.0,1.1813439256405356,-3.5,1.09411685628788
pitch,0.25,000032,0.16296002899014841,3568,0.46098196506500244,0.9927863120154964,0.0,1.2209276057565819,-0.25,1.125399207212434
pitch,0.5,000032,0.16070149417247453,3568,0.44861406087875366,0.9661503763066113,0.0,1.1904239962053182,-0.5,1.125399207212434
pitch,1.0,000032,0.1569681698283345,3568,0.40949296951293945,0.8818978741211704,0.0,1.1518846142303059,-1.0,1.137612736278885
pitch,2.0,000032,0.14919813586603856,3568,0.34793326258659363,0.7493208124577193,0.0,1.0582943287940794,-2.0,1.3345418722857447
pitch,3.0,000032,0.14128483663545732,3568,0.2979385554790497,0.641650524570004,3.0,1.0616126154026027,-3.0,1.558480764385162
roll,0.25,000032,0.16462022062851317,3568,0.4669899344444275,1.0057252775606242,0.0,1.2143973866897102,0.0,1.1217483820477674
roll,0.5,000032,0.16465393010340382,3568,0.45353269577026367,0.9767433143479171,0.0,1.182329547913342,-0.25,1.1085896763576664
roll,1.0,000032,0.16462022062851317,3568,0.4496701955795288,0.9684249036287946,0.0,1.1878854239539496,-0.25,1.108643206924593
roll,2.0,000032,0.16443481851661457,3568,0.4240097999572754,0.9131618099173447,0.0,1.1355575106630558,-0.5,1.090386175753166
roll,3.0,000032,0.1648477595840251,3568,0.3991076648235321,0.8595317315752248,0.5,1.1028775610781285,-1.75,1.139014373762632
t_fwd,0.02,000032,0.16513429012059563,3568,0.46826648712158203,1.0084745044729333,0.0,1.223790759752058,0.0,1.1377548430599553
t_fwd,0.05,000032,0.16634783121665922,3568,0.4758765697479248,1.0248638351567805,0.0,1.2439148519810963,0.0,1.1567829520402615
t_fwd,0.1,000032,0.16788161232418403,3568,0.46878424286842346,1.0095895607167475,0.0,1.224864649861942,0.0,1.1502879817133203
t_fwd,0.2,000032,0.17110929454496424,3568,0.44513505697250366,0.9586578761236889,0.25,1.1519152417148144,0.0,1.1073988047769774
t_left,0.02,000032,0.16462022062851317,3568,0.4725761413574219,1.0177559212291356,0.0,1.238124945880428,0.0,1.1348021545535647
t_left,0.05,000032,0.16457808378489985,3568,0.46174126863479614,0.9944215737998688,0.0,1.2155340786888913,0.25,1.1327691516275111
t_left,0.1,000032,0.16459493852234516,3568,0.4353944659233093,0.9376802106238744,-0.25,1.2203524392882783,-0.5,1.0952346292131978
t_left,0.2,000032,0.16456122904745452,3568,0.41169047355651855,0.8866304929661536,-0.5,1.168500400947327,-1.25,1.0522918104335028
t_up,0.02,000032,0.1662129933170966,3568,0.46100085973739624,0.9928270042194093,0.0,1.191915856035176,0.0,1.107290154476084
t_up,0.05,000032,0.16839568181626652,3568,0.4431765377521515,0.9544399430565879,0.0,1.15038972976565,0.25,1.1249578938606473
t_up,0.1,000032,0.171741347199164,3568,0.4306943416595459,0.9275578644423307,0.0,1.111446137787843,0.5,1.0984249929048118
t_up,0.2,000032,0.1790815853566041,3568,0.4461115300655365,0.9607608415199116,0.0,1.1070840047827388,-0.25,1.071950870308779
none,0.0,000043,0.1603298773971988,3851,0.530478298664093,1.0,0.0,1.2454401585664314,0.25,1.0728417650736644
yaw,0.25,000043,0.16044407827654558,3851,0.5243102312088013,0.988372630000464,-0.25,1.2402484385147843,0.5,1.0626752843293041
yaw,0.5,000043,0.1606072223898981,3851,0.4453716278076172,0.8395661593116994,-0.5,1.239814344399831,-3.75,1.0979816867249186
yaw,1.0,000043,0.16080299532592116,3851,0.4284593164920807,0.8076849092056595,-1.0,1.239814344399831,-4.0,1.156374262539055
yaw,2.0,000043,0.16125979884330824,3851,0.4376729428768158,0.825053435699463,-2.0,1.239814344399831,-4.0,1.2274963572422852
yaw,3.0,000043,0.16160240148134855,3851,0.420064240694046,0.7918594252618751,-3.0,1.2454401585664314,-4.0,1.1709526545159359
pitch,0.25,000043,0.15878000832034977,3851,0.5368501543998718,1.0120115295042702,0.0,1.258934747746928,0.0,1.0733580311854576
pitch,0.5,000043,0.15661834881842876,3851,0.525862991809845,0.9912997254253929,0.25,1.2436501636376296,-0.25,1.0742001060263897
pitch,1.0,000043,0.15309443597001413,3851,0.5056306719779968,0.953159956309862,0.25,1.2132082238632529,-0.75,1.0799857358467309
pitch,2.0,000043,0.14557349234446249,3851,0.4473777413368225,0.843347866375414,0.25,1.1298306688333961,-1.75,1.1999929920422374
pitch,3.0,000043,0.13803623430757558,3851,0.3765842914581299,0.7098957533352157,0.25,1.1447337141565728,-2.75,1.4247014930508075
roll,0.25,000043,0.1603543490142017,3851,0.5284951329231262,0.9962615516111385,0.25,1.2566862941744295,0.25,1.0645079252298313
roll,0.5,000043,0.16039513504253983,3851,0.5297712087631226,0.998667071013553,0.25,1.249580535237807,0.25,1.0613970240715263
roll,1.0,000043,0.16031356298586355,3851,0.5284249782562256,0.9961293036623019,0.0,1.2119298295977856,0.5,1.0708671565897347
roll,2.0,000043,0.16010147563850527,3851,0.514282763004303,0.9694699374120009,0.0,1.1918756007219575,-0.25,1.0643555466049448
roll,3.0,000043,0.16046039268788084,3851,0.5053390264511108,0.9526101778785474,0.25,1.149565590633626,0.0,1.0528529398561044
t_fwd,0.02,000043,0.16083562414859165,3851,0.5388146042823792,1.0157146967920827,0.0,1.270828389556494,0.25,1.0774389126685509
t_fwd,0.05,000043,0.16206736220440326,3851,0.5500015616416931,1.0368031322426678,0.0,1.30145886883523,0.25,1.0958274081941588
t_fwd,0.1,000043,0.16375590377760194,3851,0.5329511165618896,1.0046614873860513,0.0,1.2463065108011564,0.25,1.0745061709234778
t_fwd,0.2,000043,0.1671574585410022,3851,0.502871572971344,0.9479588029099942,0.0,1.1768377311853906,0.25,1.0665689774064009
t_left,0.02,000043,0.16031356298586355,3851,0.5475891828536987,1.0322555780937621,0.0,1.281309529512831,0.0,1.067680459007363
t_left,0.05,000043,0.16036250621986933,3851,0.5391572117805481,1.0163605431896294,0.0,1.2655714819174333,0.25,1.0900184211037247
t_left,0.1,000043,0.16046039268788084,3851,0.48401251435279846,0.9124077564938855,-0.25,1.247312964309508,-3.75,1.0525442792332496
t_left,0.2,000043,0.1605745935672276,3851,0.41610196232795715,0.7843901689773728,-0.5,1.153675288140034,-4.0,1.1687924130059986
t_up,0.02,000043,0.161985790147727,3851,0.5249790549278259,0.9896334237420911,0.0,1.2269895755117166,0.25,1.068095629296585
t_up,0.05,000043,0.1641719212666509,3851,0.521902859210968,0.9838345141078898,0.25,1.2099937014312783,0.25,1.0605849390039412
t_up,0.1,000043,0.167532690001713,3851,0.5188524127006531,0.9780841440776795,0.25,1.1997179081208993,0.5,1.0734345265709173
t_up,0.2,000043,0.1749475899535855,3851,0.5158453583717346,0.9724155722690097,0.0,1.1617184890308603,0.75,1.0427468900820263
none,0.0,000048,0.16156511106582433,8811,0.6043285727500916,1.0,0.0,1.1093903083526913,0.0,1.1084988236014415
yaw,0.25,000048,0.16165477888730384,8811,0.5941417813301086,0.9831436210708583,-0.25,1.1093903083526913,0.5,1.0814536398723378
yaw,0.5,000048,0.16173629508864887,8811,0.5718229413032532,0.9462119897807969,-0.5,1.1093903083526913,0.5,1.0661608189910634
yaw,1.0,000048,0.16182596291012838,8811,0.5643564462661743,0.9338569640981597,-1.0,1.1093903083526913,1.25,1.033659274254412
yaw,2.0,000048,0.16207866313429795,8811,0.5544245839118958,0.9174224236807141,-2.0,1.1088633707268936,-1.0,1.0330855177734242
yaw,3.0,000048,0.16219278581618096,8811,0.5449982285499573,0.901824360330768,-3.0,1.1101823230614418,1.0,1.036650093528116
pitch,0.25,000048,0.16022824536376604,8811,0.5976558327674866,0.9889584238053818,0.25,1.0931959364413744,-0.25,1.1084988236014415
pitch,0.5,000048,0.15794579172610557,8811,0.5938313007354736,0.982629859834612,0.25,1.0847985481640183,-0.5,1.1084988236014415
pitch,1.0,000048,0.15455471775015284,8811,0.590471088886261,0.9770696199241914,0.25,1.058692717485882,-1.0,1.1084988236014415
pitch,2.0,000048,0.1478133278989199,8811,0.566720187664032,0.9377683154795797,0.25,1.0248534882763018,-2.0,1.1084988236014415
pitch,3.0,000048,0.13991440798858773,8811,0.5391512513160706,0.8921491976832712,-1.0,1.0365682264311047,-3.0,1.1204730388394588
roll,0.25,000048,0.16167923374770735,8811,0.605201005935669,1.0014436404712874,0.0,1.1040615324526144,0.0,1.1128784463612802
roll,0.5,000048,0.16176074994905237,8811,0.6020888686180115,0.9962938966762932,0.0,1.1034705871171941,0.25,1.1103841988840617
roll,1.0,000048,0.16182596291012838,8811,0.6036889553070068,0.9989416064837476,0.0,1.0991992776351232,0.25,1.109120466468437
roll,2.0,000048,0.1623639698390055,8811,0.5881360769271851,0.9732058079775708,0.0,1.057902593871526,0.5,1.0864867923190824
roll,3.0,000048,0.16254330548196455,8811,0.5763489603996277,0.9537013247228436,0.0,1.0387142306992003,1.25,1.0661702369735881
t_fwd,0.02,000048,0.16258406358263705,8811,0.6050496101379395,1.0011931214580285,0.0,1.1011587007234895,0.0,1.1056011267907528
t_fwd,0.05,000048,0.16391277766456083,8811,0.6080896854400635,1.0062236221478928,0.0,1.1124962174558075,0.0,1.1109437529061126
t_fwd,0.1,000048,0.16598328917872426,8811,0.601357638835907,0.9950839095681595,0.0,1.0939651799856698,0.0,1.0893526383562513
t_fwd,0.2,000048,0.17020582840839618,8811,0.5953998565673828,0.9852253946192264,0.0,1.0841022177036006,0.0,1.0467550458609847
t_left,0.02,000048,0.16162217240676585,8811,0.6101698875427246,1.0096657928418828,0.0,1.116348801476113,0.0,1.1047769930758207
t_left,0.05,000048,0.1618748726309354,8811,0.6042633056640625,0.9998920006616069,0.0,1.105707727346794,0.5,1.097320937870105
t_left,0.1,000048,0.16220093743631547,8811,0.5819022059440613,0.9628904410328051,-0.25,1.1016429411932434,0.5,1.0633594217468803
t_left,0.2,000048,0.16246178928061952,8811,0.5696675181388855,0.9426453486164397,-0.5,1.0794731191499973,0.5,1.0401591165735713
t_up,0.02,000048,0.16344813531689423,8811,0.6003650426864624,0.9934414319587894,0.0,1.1029904894354436,0.25,1.1000662079700727
t_up,0.05,000048,0.16600774403912777,8811,0.5925537347793579,0.9805158344290252,0.0,1.0821659599472186,0.5,1.1042647201334705
t_up,0.1,000048,0.16945587935602202,8811,0.5791526436805725,0.958340660685706,0.0,1.0584356004816058,0.75,1.095232768581143
t_up,0.2,000048,0.1769227633992256,8811,0.5570932030677795,0.9218382651222992,-0.75,1.038358587055094,1.5,1.1159809493619999
none,0.0,000049,0.15914188458189302,2682,0.5074591040611267,1.0,0.25,1.3118715765087197,0.0,1.122429692337295
yaw,0.25,000049,0.15935298308573237,2682,0.5380394458770752,1.0602616872398547,0.0,1.3118715765087197,0.0,1.1746191903917265
yaw,0.5,000049,0.1595025111926186,2682,0.47382888197898865,0.9337282121593643,-0.25,1.3118715765087197,0.0,1.069248568332659
yaw,1.0,000049,0.15985434203235085,2682,0.4572879672050476,0.9011326499917603,-0.75,1.3118715765087197,-2.0,1.0595815285724741
yaw,2.0,000049,0.1603381094369827,2682,0.40363743901252747,0.7954088039455229,-1.75,1.3078868215044908,-2.25,1.1469815210990986
yaw,3.0,000049,0.1603557009789693,2682,0.4156470000743866,0.8190748707590814,-2.75,1.293051292005025,-2.25,1.1277216370580805
pitch,0.25,000049,0.15741791346720496,2682,0.4938511848449707,0.9731842051758385,0.25,1.3309203908124847,-0.25,1.122429692337295
pitch,0.5,000049,0.15531572419980474,2682,0.4711536467075348,0.9284563877895888,0.25,1.2615304338584004,-0.5,1.128795501921985
pitch,1.0,000049,0.15163909192460265,2682,0.452107697725296,0.8909243998326942,0.25,1.2359032317792542,-1.0,1.1625768749814374
pitch,2.0,000049,0.14386363036651978,2682,0.386812686920166,0.7622539113488285,4.0,1.1003454602647837,-2.0,1.3118988110280385
pitch,3.0,000049,0.13615853497638336,2682,0.3368974030017853,0.6638907456889449,-4.0,1.070201692761855,-3.0,1.5062719378054619
roll,0.25,000049,0.1589923564750068,2682,0.5094273686408997,1.0038786664068517,0.25,1.3029316418778407,0.0,1.135179690754601
roll,0.5,000049,0.1589571733910336,2682,0.5108710527420044,1.0067235933961423,0.25,1.2821642116482392,-0.25,1.1278220731827597
roll,1.0,000049,0.15893958184904697,2682,0.504957914352417,0.9950711501898517,0.0,1.274750712438264,-0.5,1.194287064766589
roll,2.0,000049,0.15875487065818755,2682,0.48984968662261963,0.9652988441874798,0.0,1.2315172145457636,-1.0,1.1828332837986713
roll,3.0,000049,0.1592298422918261,2682,0.46391308307647705,0.9141881175524161,0.0,1.134285016003956,-1.25,1.1274155044755598
t_fwd,0.02,000049,0.15955528581857842,2682,0.5236766934394836,1.031958416448872,0.25,1.2918024885998907,0.0,1.1643673651167168
t_fwd,0.05,000049,0.1606107783377752,2682,0.5319352746009827,1.048232794217261,0.0,1.297405666377608,0.0,1.1957851902147971
t_fwd,0.1,000049,0.16206208055167076,2682,0.5143635272979736,1.0136058712546328,0.0,1.2513069023818018,0.0,1.159911751098743
t_fwd,0.2,000049,0.16511421308634808,2682,0.49149349331855774,0.9685381331918211,0.0,1.1898371203430747,0.0,1.1432023044574866
t_left,0.02,000049,0.15915068035288632,2682,0.5323590040206909,1.0490677963215038,0.0,1.2952785609656368,0.0,1.1784094951958202
t_left,0.05,000049,0.1592298422918261,2682,0.5241772532463074,1.032944820678923,0.0,1.2757256239051307,0.25,1.1806646274651038
t_left,0.1,000049,0.15932659577275246,2682,0.4880318343639374,0.9617165806235113,-0.5,1.2025458764334898,-0.25,1.1190780689851931
t_left,0.2,000049,0.1595201027346052,2682,0.4394310712814331,0.8659438125451402,-0.5,1.1307528619755303,-1.0,1.0575991513278848
t_up,0.02,000049,0.1606283698797618,2682,0.5035032033920288,0.9922044936479819,0.25,1.2726415919621743,0.0,1.1174417600995294
t_up,0.05,000049,0.16250186910133607,2682,0.49043190479278564,0.9664461645636571,0.25,1.202274132026774,0.25,1.1144739698883313
t_up,0.1,000049,0.16644237450633736,2682,0.4895736575126648,0.9647549006307561,0.25,1.1829989751125602,0.25,1.1094834131812712
t_up,0.2,000049,0.17408589949952064,2682,0.49420350790023804,0.9738784937450015,0.25,1.1425909509328929,0.0,1.10636879756089
none,0.0,000061,0.15801576085654745,1982,0.2841552495956421,1.0,0.25,1.2559422006844467,-2.25,1.321915757639437
yaw,0.25,000061,0.15807963464194752,1982,0.2924962043762207,1.0293535128858184,0.0,1.25539478692121,-2.0,1.2710827930467274
yaw,0.5,000061,0.1581914137663976,1982,0.28117164969444275,0.9895001063487475,-0.25,1.2549503795266463,-2.0,1.2940729853979593
yaw,1.0,000061,0.15828722444449767,1982,0.25370049476623535,0.8928235361734672,-0.75,1.2515226663325718,-2.0,1.269185676145462
yaw,2.0,000061,0.15861457759467293,1982,0.2332742065191269,0.820939281787263,-1.75,1.1507472759497066,-3.75,1.415910790149991
yaw,3.0,000061,0.15887805695944812,1982,0.25417935848236084,0.8945087547883156,-2.75,1.1313513227512009,-3.5,1.4601184030145193
pitch,0.25,000061,0.1564029477751962,1982,0.27735549211502075,0.9760702732386697,0.25,1.2631027439366997,-2.5,1.3308491734085928
pitch,0.5,000061,0.1543270497496946,1982,0.2575431764125824,0.9063467128588012,0.25,1.1976964656672606,-2.75,1.331393814656158
pitch,1.0,000061,0.1507181808745918,1982,0.27106404304504395,0.9539293869487643,0.25,1.1256999610957654,-3.25,1.350153746144381
pitch,2.0,000061,0.14329285332183606,1982,0.2631142735481262,0.925952534477341,1.0,1.1011253053395154,-4.0,1.327970619852241
pitch,3.0,000061,0.13569985708240517,1982,0.28080299496650696,0.9882027355331093,-0.25,1.099152179754684,-4.0,1.2465035990780018
roll,0.25,000061,0.15802374507972247,1982,0.2877196669578552,1.012543908188518,0.25,1.2675812879958466,-2.25,1.2869245740938051
roll,0.5,000061,0.15804769774924748,1982,0.2834738790988922,0.9976021189201344,0.25,1.278282482131453,-2.5,1.2693722017681242
roll,1.0,000061,0.15800777663337245,1982,0.27506446838378906,0.968007695705818,3.75,1.2330608062325477,-3.25,1.27458590152003
roll,2.0,000061,0.15788002906257237,1982,0.27505794167518616,0.9679847268934797,3.5,1.1365875373192629,-3.25,1.3017630053040476
roll,3.0,000061,0.15807963464194752,1982,0.26215070486068726,0.9225615406850034,3.25,1.1271786083884314,-2.5,1.3391460022057577
t_fwd,0.02,000061,0.15841497201529778,1982,0.29494816064834595,1.0379824446955048,0.0,1.2760509127503323,-2.25,1.3087735876319035
t_fwd,0.05,000061,0.1593411419035985,1982,0.30624404549598694,1.0777349562669618,0.0,1.3159805102344448,-2.25,1.2812001348794186
t_fwd,0.1,000061,0.16068249139699953,1982,0.3244692385196686,1.1418731097926011,0.0,1.3944326723084546,-2.25,1.1922416419522748
t_fwd,0.2,000061,0.16317356902760147,1982,0.32287850975990295,1.136275012407354,0.0,1.365386116812295,-2.0,1.1223771629190469
t_left,0.02,000061,0.15802374507972247,1982,0.29486021399497986,1.0376729425712568,0.0,1.2704008230109738,-2.25,1.26824183102522
t_left,0.05,000061,0.1580636661955975,1982,0.3014824390411377,1.0609778966609011,0.0,1.2785212735275435,-2.0,1.2366416530052375
t_left,0.1,000061,0.15811157153464753,1982,0.30919045209884644,1.0881039591520125,0.0,1.3156046164746835,-2.0,1.2485291637067446
t_left,0.2,000061,0.15827125599814765,1982,0.2798449993133545,0.9848313543796177,-0.25,1.3792313873095963,-2.0,1.2700239846362895
t_up,0.02,000061,0.15942896835852355,1982,0.28600549697875977,1.0065113960968541,-0.25,1.254086496468768,-3.5,1.2791926177652415
t_up,0.05,000061,0.1611535605643249,1982,0.3012591302394867,1.060192027661582,0.0,1.2542122672378704,-2.0,1.2364607330070825
t_up,0.1,000061,0.1646426660918026,1982,0.3112502694129944,1.0953528743738115,-0.25,1.255837877008613,-2.0,1.208301057486021
t_up,0.2,000061,0.1715011137991329,1982,0.32428595423698425,1.1412280951995393,-0.25,1.307982345536121,-2.0,1.1579717522729511
