dataset,frame,n_points,step,repeats,p50_ms,p95_ms,hardware
kitti,000011,108004,projection (toàn bộ point cloud),30,9.859,10.815,"11th Gen Intel(R) Core(TM) i7-11800H @ 2.30GHz, 16 luồng, Python 3.13.15, numpy 2.5.3, CPU only"
kitti,000011,108004,fov_ratio,30,11.761,13.382,"11th Gen Intel(R) Core(TM) i7-11800H @ 2.30GHz, 16 luồng, Python 3.13.15, numpy 2.5.3, CPU only"
kitti,000011,108004,box_hit (mọi object),30,0.749,0.847,"11th Gen Intel(R) Core(TM) i7-11800H @ 2.30GHz, 16 luồng, Python 3.13.15, numpy 2.5.3, CPU only"
kitti,000011,108004,depth-edge LiDAR + Canny ảnh,30,21.927,24.278,"11th Gen Intel(R) Core(TM) i7-11800H @ 2.30GHz, 16 luồng, Python 3.13.15, numpy 2.5.3, CPU only"
kitti,000011,108004,edge_score (1 calib),30,0.239,0.252,"11th Gen Intel(R) Core(TM) i7-11800H @ 2.30GHz, 16 luồng, Python 3.13.15, numpy 2.5.3, CPU only"
kitti,000011,108004,phép thử đỉnh yaw (33 calib),30,10.347,11.08,"11th Gen Intel(R) Core(TM) i7-11800H @ 2.30GHz, 16 luồng, Python 3.13.15, numpy 2.5.3, CPU only"
nuscenes,scene-0103_010,34720,projection (toàn bộ point cloud),30,2.779,3.199,"11th Gen Intel(R) Core(TM) i7-11800H @ 2.30GHz, 16 luồng, Python 3.13.15, numpy 2.5.3, CPU only"
nuscenes,scene-0103_010,34720,fov_ratio,30,3.559,3.985,"11th Gen Intel(R) Core(TM) i7-11800H @ 2.30GHz, 16 luồng, Python 3.13.15, numpy 2.5.3, CPU only"
nuscenes,scene-0103_010,34720,box_hit (mọi object),30,0.432,0.519,"11th Gen Intel(R) Core(TM) i7-11800H @ 2.30GHz, 16 luồng, Python 3.13.15, numpy 2.5.3, CPU only"
nuscenes,scene-0103_010,34720,depth-edge LiDAR + Canny ảnh,30,23.382,25.115,"11th Gen Intel(R) Core(TM) i7-11800H @ 2.30GHz, 16 luồng, Python 3.13.15, numpy 2.5.3, CPU only"
nuscenes,scene-0103_010,34720,edge_score (1 calib),30,0.099,0.111,"11th Gen Intel(R) Core(TM) i7-11800H @ 2.30GHz, 16 luồng, Python 3.13.15, numpy 2.5.3, CPU only"
nuscenes,scene-0103_010,34720,phép thử đỉnh yaw (33 calib),30,5.764,6.021,"11th Gen Intel(R) Core(TM) i7-11800H @ 2.30GHz, 16 luồng, Python 3.13.15, numpy 2.5.3, CPU only"
