frame,dt_cam_minus_lidar_ms,ego_disp_m,ego_rot_deg,n_objects,hit_with_ego,hit_without_ego,min_hit_without_ego,shift_px_median
scene-0103_000,-35.186,0.3084,0.0828,0,nan,nan,nan,nan
scene-0103_001,-35.621,0.2972,0.0852,1,1.0,0.8571,0.8571,15.75
scene-0103_002,-35.489,0.3047,0.1098,1,1.0,1.0,1.0,5.85
scene-0103_003,-35.365,0.2979,0.1466,2,1.0,1.0,1.0,7.83
scene-0103_004,-35.788,0.3055,0.1822,2,1.0,1.0,1.0,17.22
scene-0103_005,-36.226,0.3096,0.1565,2,1.0,0.8986,0.7971,26.77
scene-0103_006,-36.662,0.3284,0.1664,2,1.0,1.0,1.0,6.44
scene-0103_007,-36.529,0.3306,0.1121,2,1.0,1.0,1.0,12.3
scene-0103_008,-36.42,0.3274,0.1011,2,1.0,0.6923,0.3846,37.48
scene-0103_009,-35.747,0.3231,0.0829,4,0.975,0.9432,0.8727,5.75
scene-0103_010,-35.616,0.3069,0.1237,4,1.0,0.9256,0.7647,8.28
scene-0103_011,-35.486,0.2504,0.0355,3,0.9583,0.8542,0.5625,5.39
scene-0103_012,-35.362,0.2058,0.0365,3,1.0,1.0,1.0,5.77
scene-0103_013,-34.621,0.1689,0.0141,3,1.0,1.0,1.0,6.72
scene-0103_014,-34.495,0.1236,0.0187,3,1.0,1.0,1.0,5.82
scene-0103_015,-34.381,0.0761,0.0393,3,1.0,0.9936,0.9809,4.03
scene-0103_016,-34.232,0.0577,0.0231,2,0.9936,0.9872,0.9744,3.36
scene-0103_017,-34.33,0.0567,0.0144,3,0.9975,0.9877,0.963,1.92
scene-0103_018,-34.775,0.0589,0.0079,4,1.0,0.9902,0.9606,1.72
scene-0103_019,-35.184,0.067,0.0122,4,0.9968,0.9838,0.9351,2.07
scene-0103_020,-35.616,0.0854,0.0147,4,1.0,0.9755,0.902,2.61
scene-0103_021,-35.818,0.0936,0.0191,4,1.0,1.0,1.0,2.31
scene-0103_022,-37.76,0.1178,0.0317,2,1.0,0.9932,0.9864,4.08
scene-0103_023,-36.132,0.1231,0.0125,4,0.975,0.9671,0.9,1.09
scene-0103_024,-35.993,0.1417,0.0196,5,1.0,0.9578,0.8889,4.81
scene-0103_025,-35.329,0.162,0.0423,5,1.0,0.9692,0.8462,1.99
scene-0103_026,-35.202,0.1686,0.0359,4,1.0,0.9891,0.9565,2.67
scene-0103_027,-35.086,0.1896,0.0606,4,1.0,1.0,1.0,4.16
scene-0103_028,-34.646,0.1993,0.039,4,1.0,1.0,1.0,2.61
scene-0103_029,-34.833,0.2137,0.0206,4,1.0,0.9893,0.9571,3.97
scene-0103_030,-34.73,0.2224,0.0459,5,1.0,0.9878,0.9388,3.87
scene-0103_031,-34.589,0.2331,0.0637,7,1.0,0.9482,0.8,5.79
scene-0103_032,-34.462,0.2494,0.0202,8,1.0,0.9552,0.7778,6.6
scene-0103_033,-34.855,0.2637,0.04,6,1.0,0.952,0.8065,8.51
scene-0103_034,-35.341,0.2739,0.0262,5,0.9982,0.9778,0.9441,7.24
scene-0103_035,-35.302,0.2844,0.052,7,0.9943,0.9012,0.44,8.24
scene-0103_036,-35.645,0.2878,0.0352,5,1.0,0.9673,0.8788,10.41
scene-0103_037,-35.524,0.2861,0.0674,5,0.998,0.949,0.8636,9.84
scene-0103_038,-36.512,0.3035,0.0868,7,0.9993,0.9057,0.55,8.59
scene-0103_039,-35.823,0.2918,0.0874,4,1.0,1.0,1.0,10.31
scene-1094_000,-35.659,0.0051,0.0033,4,0.9972,0.9972,0.9886,0.17
scene-1094_001,-35.521,0.0054,0.002,5,0.8727,0.8727,0.3636,0.17
scene-1094_002,-35.437,0.0084,0.0186,6,0.9879,0.9879,0.9274,0.66
scene-1094_003,-34.719,0.0224,0.011,5,0.9868,0.9868,0.9338,0.63
scene-1094_004,-34.599,0.0386,0.0143,4,0.9883,0.9883,0.9532,1.25
scene-1094_005,-35.025,0.0599,0.0354,4,1.0,0.988,0.9545,2.55
scene-1094_006,-34.918,0.0695,0.0694,4,1.0,1.0,1.0,2.78
scene-1094_007,-37.683,0.11,0.0875,3,1.0,0.9931,0.9792,4.41
scene-1094_008,-35.245,0.104,0.0681,5,1.0,0.987,0.9375,2.95
scene-1094_009,-35.631,0.0966,0.128,4,1.0,0.9825,0.9583,2.06
scene-1094_010,-35.018,0.0942,0.3069,5,1.0,0.9935,0.9677,5.84
scene-1094_011,-34.853,0.0954,0.5286,5,1.0,1.0,1.0,10.22
scene-1094_012,-35.276,0.0902,0.6918,7,1.0,0.9917,0.9583,14.99
scene-1094_013,-35.257,0.0931,0.8577,8,1.0,0.9874,0.9655,19.12
scene-1094_014,-35.573,0.1001,0.9275,8,1.0,0.9818,0.9231,20.15
scene-1094_015,-35.995,0.1231,0.8541,7,1.0,0.9482,0.7209,20.39
scene-1094_016,-37.0,0.1661,0.4251,6,0.9896,0.8333,0.0,nan
scene-1094_017,-37.959,0.1888,0.0965,4,1.0,1.0,1.0,5.38
scene-1094_018,-37.842,0.2345,0.1183,3,0.9922,0.9756,0.9268,7.61
scene-1094_019,-37.727,0.2456,0.1476,4,1.0,0.9875,0.95,10.95
scene-1094_020,-37.269,0.2597,0.1097,3,1.0,0.9524,0.8571,11.73
scene-1094_021,-36.582,0.2615,0.0396,3,1.0,0.9722,0.9167,11.73
scene-1094_022,-36.463,0.2793,0.0517,2,1.0,1.0,1.0,6.73
scene-1094_023,-39.535,0.3233,0.0847,2,1.0,0.75,0.5,9.07
scene-1094_024,-34.889,0.2985,0.0592,2,1.0,1.0,1.0,4.57
scene-1094_025,-34.766,0.3041,0.0124,2,1.0,0.9737,0.9474,9.56
scene-1094_026,-34.626,0.3123,0.1071,1,1.0,1.0,1.0,0.88
scene-1094_027,-35.095,0.3241,0.1006,3,0.9744,1.0,1.0,8.93
scene-1094_028,-35.502,0.3384,0.0535,1,1.0,0.973,0.973,25.42
scene-1094_029,-35.44,0.3493,0.0391,2,1.0,1.0,1.0,6.23
scene-1094_030,-35.245,0.3688,0.0545,2,1.0,0.939,0.878,17.9
scene-1094_031,-35.112,0.3703,0.0319,1,1.0,1.0,1.0,4.15
scene-1094_032,-35.543,0.3864,0.0603,1,1.0,1.0,1.0,10.1
scene-1094_033,-35.994,0.4136,0.0768,2,0.9722,0.9274,0.9104,8.15
scene-1094_034,-35.86,0.4173,0.1085,1,1.0,1.0,1.0,21.38
scene-1094_035,-35.423,0.427,0.0532,0,nan,nan,nan,nan
scene-1094_036,-35.614,0.4506,0.064,1,1.0,1.0,1.0,1.6
scene-1094_037,-36.027,0.4493,0.06,0,nan,nan,nan,nan
scene-1094_038,-35.901,0.4464,0.0578,2,1.0,0.9868,0.9737,9.84
scene-1094_039,-35.228,0.4506,0.0144,2,1.0,1.0,1.0,4.9
